"TEAM_ABBREVIATION","WL_num","logit_prob"
"BOS",1,0.719741222794111
"LAL",1,0.867506841949388
"MIN",0,0.365837617658724
"MIN",0,0.413697858543805
"NYK",0,0.308833689101903
"ATL",1,0.514489304749283
"ATL",1,0.672845347890051
"CLE",1,0.81981350555561
"NOP",1,0.33130878899777
"CHI",0,0.0565713334386651
"CHI",0,0.0483594746113363
"GSW",1,0.824934544923563
"HOU",0,0.492317839879528
"LAC",0,0.474444621999152
"MIA",0,0.693317944724411
"MIL",1,0.666284277365628
"BKN",0,0.259632343080913
"ORL",1,0.85827124703838
"IND",1,0.689623346827681
"IND",1,0.399893066370425
"PHI",0,0.438825066699461
"PHX",1,0.237031379986266
"PHX",1,0.214657983433368
"POR",0,0.141991029974523
"TOR",0,0.365910855220828
"UTA",0,0.153749138959249
"MEM",1,0.46775395879425
"DET",0,0.693122557049573
"CHA",1,0.476095383977686
"BOS",1,0.803754405606
"DAL",1,0.356175560379017
"DAL",1,0.239509729802254
"DEN",0,0.412659211961972
"MIN",1,0.777422197857903
"MIN",1,0.788287564258289
"SAC",0,0.544663346683294
"SAS",0,0.449540284531372
"OKC",1,0.815370532139672
"WAS",0,0.185404935386764
"WAS",0,0.209822563195474
"ATL",1,0.51425634755855
"ATL",1,0.672640026845157
"CLE",1,0.744089028697757
"NOP",1,0.406811154783711
"CHI",1,0.974486394885013
"CHI",1,0.97095393309077
"GSW",1,0.824799820394908
"HOU",1,0.820473199041845
"LAL",1,0.867362832438009
"MIL",0,0.28838082249974
"BKN",0,0.259458235515622
"NYK",1,0.78567334412216
"ORL",1,0.443112069516398
"IND",0,0.276937775028404
"IND",0,0.644908594167926
"PHI",0,0.251892533263909
"PHX",0,0.435853416202157
"PHX",0,0.380563328547121
"POR",0,0.141877449714238
"TOR",1,0.480135949863721
"UTA",0,0.153627837312003
"MEM",0,0.557864598085804
"DET",0,0.49947364080922
"CHA",0,0.155755154146913
"BOS",1,0.803607261989258
"CLE",1,0.819585099820752
"CHI",0,0.455331091632301
"CHI",0,0.409170857685145
"DAL",0,0.307426207767178
"DAL",0,0.328457751585903
"DEN",0,0.412413823608387
"HOU",0,0.534831908378615
"LAC",1,0.299673314385498
"LAL",1,0.867286177626823
"MIA",1,0.540680769756185
"MIN",1,0.74623068080001
"MIN",1,0.764899671215635
"ORL",0,0.0860508168759423
"PHX",1,0.345154674511553
"PHX",1,0.549064908908944
"SAC",0,0.070786799032546
"SAS",1,0.155643601842004
"OKC",1,0.815189956219604
"TOR",0,0.416397028361147
"MEM",1,0.74323433180226
"WAS",0,0.185215867886488
"WAS",0,0.209615003079332
"DET",0,0.692782393829107
"CHA",0,0.281573909508971
"ATL",0,0.112750701441385
"ATL",0,0.0865362838949967
"NOP",0,0.142144715876646
"GSW",0,0.47498293359499
"LAC",1,0.299555893206408
"MIL",0,0.333811060030574
"BKN",1,0.223106799955925
"IND",0,0.447571123635637
"IND",0,0.479600277717076
"PHI",1,0.344952614087384
"POR",1,0.889106615779742
"OKC",1,0.76558993335142
"ATL",0,0.536544881926742
"ATL",0,0.358399824131148
"BOS",1,0.719187284189551
"CLE",1,0.81943138973408
"CHI",1,0.974445952244481
"CHI",1,0.970908058166864
"DAL",1,0.355705210433139
"DAL",1,0.239136219629573
"DEN",1,0.808415687732333
"HOU",1,0.650002512967102
"LAL",0,0.310131343512604
"MIA",1,0.161124017716962
"MIL",0,0.333698484946459
"NYK",0,0.414842167744431
"ORL",1,0.442697872041021
"IND",0,0.276601756817625
"IND",0,0.644524080734471
"PHX",1,0.344913812749756
"PHX",1,0.548801003999157
"POR",0,0.430273135175855
"SAC",1,0.520346405775423
"SAS",0,0.768847667793372
"TOR",0,0.365299020595398
"UTA",0,0.0814190622618578
"MEM",0,0.463635692919772
"WAS",1,0.450197862640975
"WAS",1,0.485232345156838
"DET",0,0.499033987814619
"NOP",0,0.142021292318561
"DAL",1,0.601623807715524
"DAL",1,0.595114792126667
"DEN",1,0.80832075156802
"GSW",1,0.735164930758673
"MIN",0,0.499528460977609
"MIN",0,0.544213697688439
"BKN",0,0.466579372162152
"SAC",1,0.960324705578181
"UTA",0,0.153357789731769
"ATL",0,0.112617491101129
"ATL",0,0.0864310277636395
"BOS",0,0.561158941806055
"CLE",1,0.743581309962657
"NOP",0,0.141975843029342
"CHI",1,0.455532365715595
"CHI",1,0.457478701172863
"GSW",1,0.735097483222619
"LAC",0,0.473554405148873
"LAL",0,0.30992045177659
"MIA",0,0.692552553806184
"BKN",1,0.362965301449098
"NYK",1,0.791849820275519
"ORL",0,0.0858937783783735
"IND",1,0.834390701894527
"IND",1,0.854124251064569
"PHI",0,0.437939432213708
"POR",1,0.215336720782056
"SAS",0,0.448742591883673
"OKC",1,0.765312469914346
"TOR",0,0.415904997746505
"MEM",0,0.463403784186552
"WAS",1,0.364860817976839
"WAS",1,0.397832865478262
"DET",1,0.642138182440833
"CHA",1,0.37783185472796
"DAL",0,0.851754061861014
"DAL",0,0.905358867633569
"HOU",1,0.649656907364011
"LAC",0,0.47341490864594
"MIL",0,0.333366794996618
"PHX",1,0.236314127401463
"PHX",1,0.213989444130709
"SAS",1,0.123257350831624
"UTA",0,0.153236740933644
"MEM",1,0.74277641613375
"ATL",0,0.536054534725903
"ATL",0,0.35794654086367
"BOS",1,0.803131629326026
"CLE",1,0.743398369748557
"NOP",1,0.330300123104252
"CHI",0,0.0563286437366665
"CHI",0,0.0481502156093454
"DEN",0,0.303921080244629
"LAL",1,0.597030663912095
"MIN",1,0.745680283632471
"MIN",1,0.764376979939902
"BKN",1,0.22268679839299
"NYK",1,0.791691669703549
"ORL",0,0.085818492166423
"IND",0,0.276212717480608
"IND",0,0.644078300047182
"POR",0,0.141446536185082
"SAC",1,0.960268830127705
"OKC",1,0.814743951772379
"TOR",0,0.364860497648889
"DET",0,0.692169571630664
"CHA",0,0.28099213840092
"BOS",1,0.803047356043242
"CLE",1,0.819060489443504
"DEN",1,0.799262603278592
"GSW",1,0.824206062340548
"HOU",0,0.491059179251062
"LAC",0,0.4731890659737
"MIA",1,0.539827015948839
"MIL",0,0.287533999240774
"MIN",0,0.364583622521134
"MIN",0,0.412386491903244
"PHI",0,0.437598404097308
"PHX",1,0.344372165020353
"PHX",1,0.548207117792982
"POR",0,0.429685364785697
"SAC",0,0.0705575458298688
"SAS",1,0.15518542482329
"OKC",1,0.814663502251157
"TOR",1,0.479105144784052
"UTA",0,0.0812378985441882
"MEM",1,0.46649376081645
"WAS",0,0.0979040009199709
"WAS",0,0.112408386189641
"CHA",0,0.280868337321687
"ATL",1,0.832844780626207
"ATL",1,0.868939516961496
"NOP",0,0.249310654081973
"DAL",1,0.354997157177912
"DAL",1,0.238574283483996
"BKN",0,0.465989201235371
"ORL",0,0.0857390882608284
"DET",1,0.64174620949278
"ATL",0,0.535703297202701
"ATL",0,0.357622048016163
"BOS",1,0.802908245606821
"CLE",1,0.743128885611195
"NOP",0,0.249260788698246
"CHI",0,0.454227733711813
"CHI",0,0.408095547030126
"DAL",0,0.851518390371307
"DAL",0,0.905198928708965
"DEN",1,0.799100100779457
"GSW",1,0.824059307331234
"HOU",1,0.819718395929579
"LAC",1,0.848271796035377
"LAL",0,0.309390721628973
"MIA",0,0.69202466711489
"MIL",0,0.332928743390226
"MIN",1,0.745376977249067
"MIN",1,0.764088917148856
"BKN",1,0.222410183055444
"NYK",0,0.307453298972056
"ORL",0,0.0856931480148491
"IND",1,0.688304343524445
"IND",1,0.398416874883427
"PHI",0,0.250909656471842
"PHX",1,0.344107506485591
"PHX",1,0.547916723341386
"POR",1,0.21489582937612
"SAC",1,0.960204734647804
"SAS",0,0.448090130155755
"OKC",1,0.764838342692188
"TOR",0,0.415264314559506
"UTA",1,0.454737115764528
"MEM",0,0.556556330711019
"WAS",0,0.18450919395724
"WAS",0,0.208839097293121
"DET",1,0.364859206771197
"CHA",0,0.155052190315291
"ATL",1,0.512758622072822
"ATL",1,0.671318529408613
"BOS",0,0.738410769950421
"CLE",1,0.818783901707846
"NOP",0,0.249076344713927
"CHI",0,0.0562013058543066
"CHI",0,0.0480404248726417
"DAL",1,0.354698256158978
"DAL",1,0.238337186482071
"DEN",1,0.798941780056821
"GSW",1,0.823916321726838
"HOU",1,0.819572654916176
"LAC",1,0.848144861655956
"LAL",0,0.309180107809144
"MIA",0,0.266612791667177
"NYK",0,0.307266103345767
"ORL",0,0.085624279473568
"IND",1,0.833915180560468
"IND",1,0.853695456295664
"PHI",0,0.250744423215759
"PHX",1,0.343909076053655
"PHX",1,0.547698906079007
"SAC",1,0.519242342878477
"SAS",0,0.44787927153803
"OKC",0,0.799755633425436
"TOR",0,0.415057286184916
"MEM",1,0.742180328221887
"DET",0,0.497941524661669
"CHA",1,0.377024172778297
"CHI",0,0.453824822245437
"CHI",0,0.407702987595933
"MIL",1,0.896353660200511
"MIN",1,0.776202600803983
"MIN",1,0.787111199828383
"POR",0,0.429104320069967
"SAS",1,0.154878260416461
"UTA",0,0.0810670266832444
"ATL",0,0.112184179181699
"ATL",0,0.0860886972326733
"BOS",1,0.718104377588655
"CLE",1,0.742752315082927
"NOP",0,0.14144757639336
"DAL",0,0.85127566278968
"DAL",0,0.905034167691594
"DEN",1,0.798791931294342
"GSW",0,0.290751660560804
"HOU",0,0.533240576278258
"LAC",1,0.298332929303789
"LAL",1,0.866548380956743
"MIA",0,0.26643047981814
"MIL",0,0.332502807938068
"MIN",1,0.745012695353789
"MIN",1,0.763742920584658
"BKN",0,0.258088515826044
"NYK",1,0.784468404996642
"ORL",1,0.441350640975077
"IND",0,0.275510108841908
"IND",0,0.643271596731898
"PHI",0,0.250549240910005
"PHX",1,0.235574382500388
"PHX",1,0.21330006437262
"POR",0,0.428928086627328
"SAC",0,0.542733070493421
"OKC",1,0.764497903838022
"MEM",1,0.74198653318723
"WAS",0,0.097638397955363
"WAS",0,0.112108324487336
"DET",1,0.36443325200823
"CHA",1,0.376773867211561
"ATL",0,0.535000716237496
"ATL",0,0.356973453960211
"CLE",1,0.742594455359605
"CHI",1,0.974291566651699
"CHI",1,0.970732940242198
"LAC",1,0.847931965382607
"BKN",0,0.257976285830423
"SAS",0,0.767808967104158
"TOR",0,0.414720929063179
"UTA",1,0.454182198118909
"BOS",1,0.802427111922862
"DAL",0,0.305856947503978
"DAL",0,0.326831797724879
"DEN",1,0.798629143770065
"GSW",1,0.823633947056991
"HOU",1,0.648552344209371
"LAL",1,0.866434329086851
"MIA",1,0.538847227785321
"MIL",0,0.286726805366048
"MIN",0,0.49806961851289
"MIN",0,0.542765883690443
"NYK",0,0.306840894731146
"ORL",1,0.441114142585261
"IND",1,0.833638212348356
"IND",1,0.853445677209577
"PHI",1,0.22808837757331
"PHX",0,0.858669196986248
"PHX",0,0.613323595076919
"POR",0,0.140894111378265
"SAC",1,0.960094626025694
"OKC",0,0.890064778237214
"TOR",0,0.414572181054953
"MEM",1,0.465499168835624
"WAS",0,0.0975515703580749
"WAS",0,0.112010226392953
"DET",0,0.691180821121155
"CHA",0,0.154682517484955
"CLE",1,0.818376324169599
"NOP",0,0.248563373105158
"CHI",0,0.453303108821529
"CHI",0,0.407194766036651
"HOU",1,0.819182247448808
"LAC",0,0.730262436953094
"BKN",1,0.361567903836958
"SAC",0,0.0702662866023474
"SAS",1,0.154602933697474
"OKC",1,0.764248352083809
"WAS",0,0.0975187346353007
"WAS",0,0.111973127760283
"ATL",1,0.832239263682825
"ATL",1,0.86844409895253
"BOS",0,0.737802981712694
"DAL",0,0.30562505531034
"DAL",0,0.326591485068758
"GSW",1,0.733839917062329
"MIA",0,0.266040078997883
"MIL",1,0.896120733413003
"MIN",0,0.363436252946677
"MIN",0,0.411186034359064
"NYK",1,0.790784994300848
"ORL",1,0.440864534381853
"PHI",0,0.436365950532801
"PHX",1,0.235229077805497
"PHX",1,0.212978312753302
"POR",1,0.888318656326879
"TOR",0,0.414352321231029
"UTA",0,0.1524535519144
"DET",1,0.364007509527901
"CHA",0,0.154571059736214
"BOS",1,0.802177756692017
"CLE",1,0.818245590300543
"NOP",0,0.141127529377399
"CHI",1,0.974245475295759
"CHI",1,0.970680660799817
"HOU",1,0.819051965422827
"LAC",0,0.73008919649185
"LAL",1,0.866249204865605
"MIL",1,0.89606863337455
"MIN",0,0.363306808527204
"MIN",0,0.411050564947163
"BKN",0,0.464736234660378
"NYK",0,0.41289658075677
"ORL",1,0.440720038022987
"IND",0,0.274999816991155
"IND",0,0.642684392278156
"PHI",0,0.436208672264974
"PHX",0,0.433470068704061
"PHX",0,0.378279591407076
"POR",1,0.888255196981431
"SAC",1,0.518337668865418
"SAS",1,0.15444628088752
"OKC",1,0.764032246283336
"MEM",0,0.555464410991851
"WAS",0,0.0974109152324313
"WAS",0,0.111851307849285
"DET",0,0.497028932875228
"DAL",0,0.305376304931276
"DAL",0,0.326333689831951
"UTA",1,0.377953684896686
"ATL",1,0.511640169475334
"ATL",1,0.670330038479739
"CLE",1,0.742089899048404
"NOP",1,0.328787108671245
"CHI",0,0.0559657402871177
"CHI",0,0.0478373315535556
"DEN",0,0.302474324989337
"GSW",1,0.733569200173147
"HOU",1,0.818921610276409
"LAC",0,0.729915885916657
"LAL",1,0.59536280476214
"MIA",1,0.538231396002273
"MIN",1,0.775516809982276
"MIN",1,0.786449639963894
"BKN",0,0.257430894076031
"NYK",1,0.783886666733153
"ORL",1,0.440503312321269
"IND",0,0.445240077665115
"IND",0,0.477246529242801
"PHI",0,0.249904358776856
"PHX",0,0.433254146369452
"PHX",0,0.378072814253058
"SAC",0,0.541886513862186
"SAS",0,0.767262228482219
"OKC",1,0.763878487770667
"TOR",0,0.363231904753355
"MEM",0,0.555247278431158
"WAS",0,0.0973336320519471
"WAS",0,0.111763986679446
"DET",1,0.640305311367836
"BOS",1,0.717245955358849
"NOP",0,0.248105783041435
"DAL",1,0.353522056812165
"DAL",1,0.23740489011284
"LAL",1,0.595208736813627
"MIL",0,0.33159860436393
"SAC",1,0.518031648675793
"SAS",0,0.44668037175771
"TOR",0,0.413886848442366
"UTA",0,0.0807282431275519
"CHA",1,0.375898316196923
"ATL",0,0.11172852218143
"ATL",0,0.0857287971956045
"CLE",1,0.741880752525944
"CHI",0,0.452616452766743
"CHI",0,0.406526017741022
"DAL",1,0.599392916523591
"DAL",1,0.592872117122427
"DEN",0,0.302238261374213
"HOU",1,0.647744155735772
"LAC",1,0.847436551514251
"MIA",0,0.26554609515267
"MIN",1,0.744156299177669
"MIN",1,0.762929413782354
"BKN",0,0.257227202854809
"NYK",1,0.783706051946518
"IND",1,0.833149850534486
"IND",1,0.853005208243662
"PHX",0,0.433005539928887
"PHX",0,0.377834762148934
"POR",1,0.888067278492469
"OKC",0,0.889725375238598
"UTA",0,0.0806827744053609
"MEM",1,0.741133729366148
"WAS",0,0.18356488526615
"WAS",0,0.207801999167814
"DET",1,0.640078215107285
"CHA",0,0.154230128613527
"ATL",1,0.831799822077792
"ATL",1,0.868084461972804
"CHI",1,0.974180544133184
"CHI",1,0.970607013336862
"GSW",0,0.28968135118595
"HOU",0,0.531947119203797
"LAC",1,0.847353853990296
"MIA",1,0.15970291275301
"MIL",1,0.895825194333812
"NYK",1,0.783606667240594
"ORL",1,0.856662516873842
"IND",0,0.2744954185936
"IND",0,0.642102882411522
"PHI",0,0.249594809530166
"PHX",0,0.858167242097002
"PHX",0,0.612343656567157
"SAC",0,0.541476375729063
"TOR",1,0.477083961497186
"WAS",0,0.0971955954163807
"WAS",0,0.111608015526312
"DET",0,0.690315649168201
"BOS",1,0.71692701880798
"CLE",0,0.575597284284443
"NOP",0,0.140743627539207
"DAL",1,0.353156759244469
"DAL",1,0.237115569329048
"DEN",1,0.806684724053765
"LAL",1,0.865884494286783
"BKN",1,0.221108789738004
"SAS",1,0.154077789230971
"OKC",0,0.798720970659045
"UTA",0,0.0806096780881986
"MEM",0,0.460933302768423
"CHA",0,0.154111990132397
"ATL",0,0.111567311948822
"ATL",0,0.0856014860978066
"CLE",1,0.741569378704653
"NOP",0,0.14069852007425
"CHI",0,0.0558223191376669
"CHI",0,0.0477136879357736
"GSW",1,0.733042883907278
"HOU",1,0.818522190041425
"LAC",1,0.847229738800178
"MIL",1,0.895738129771975
"NYK",1,0.79011413242859
"ORL",0,0.0850730608181116
"IND",0,0.274309732647746
"IND",0,0.641888536364623
"PHI",0,0.249420177030458
"PHX",0,0.858053691696595
"PHX",0,0.612122253964516
"POR",0,0.42745365829943
"OKC",1,0.763416797029619
"MEM",1,0.740837117231837
"LAL",0,0.436030690169684
"MIN",0,0.362419723874403
"MIN",0,0.410121996105297
"ORL",1,0.856508670078338
"SAS",1,0.153977100827018
"TOR",1,0.476804776566405
"UTA",0,0.0805524286199726
"DET",0,0.49614300498461
"CHA",1,0.375335889546337
"ATL",0,0.111490742375524
"ATL",0,0.0855410212682472
"BOS",1,0.801487627970435
"NOP",0,0.247594151234553
"CHI",1,0.452731698515159
"CHI",1,0.454676060534478
"DAL",1,0.598810540917061
"DAL",1,0.592286710070568
"DEN",0,0.409176242825862
"GSW",1,0.822761375594557
"HOU",1,0.818395498099592
"LAC",1,0.847119344753886
"MIL",1,0.895658471628517
"BKN",0,0.256769282970825
"IND",0,0.274145333214559
"IND",0,0.641698639627657
"PHI",1,0.227053249696376
"POR",0,0.427264554436677
"SAC",0,0.069912005099582
"WAS",0,0.183221705377656
"WAS",0,0.207425019338342
"CHI",0,0.451903577735629
"CHI",0,0.405831914989595
"DEN",1,0.806435286842671
"GSW",0,0.289226492181984
"HOU",0,0.488475634898513
"LAL",0,0.43580137028185
"MIL",1,0.895621113367156
"NYK",0,0.30549939456121
"ORL",1,0.43955786657668
"POR",1,0.21337129221767
"SAS",1,0.153852183212242
"UTA",1,0.376926851490422
"MEM",1,0.46396803633796
"DET",0,0.495903208886439
"CHA",0,0.153886343145516
"BOS",1,0.716505039897134
"CLE",1,0.741242428463769
"DAL",0,0.304405006923658
"DAL",0,0.32532695293241
"LAC",1,0.296706784820635
"MIA",1,0.159356365499068
"MIN",0,0.362111927054727
"MIN",0,0.409799725800002
"BKN",1,0.360148282925123
"IND",1,0.832704890958164
"IND",1,0.852603831625174
"PHI",0,0.434950910627798
"SAC",0,0.540847829407345
"TOR",0,0.412969284106433
"WAS",0,0.0969737001091373
"WAS",0,0.111357275475338
"ATL",0,0.533130916768239
"ATL",0,0.35525050470893
"BOS",1,0.716407606179122
"NOP",0,0.140437778448177
"DAL",1,0.598490435404604
"DAL",1,0.591964946195622
"DEN",0,0.408854200585528
"GSW",0,0.471455879710535
"LAC",0,0.728958793271353
"BKN",1,0.360043904875537
"NYK",1,0.789755989002519
"ORL",1,0.856282560877364
"IND",1,0.83263435213725
"IND",1,0.852540197264363
"POR",0,0.426945082443876
"SAC",0,0.540722104480263
"OKC",1,0.812971876880107
"TOR",0,0.412840098089957
"MEM",1,0.740427634623995
"DET",1,0.362565275374657
"CHA",0,0.278629545399201
"CHI",1,0.974090583215831
"CHI",1,0.970504978392944
"HOU",1,0.646789039290745
"LAL",0,0.307123696197149
"MIA",0,0.689754170150247
"MIL",1,0.662559254712671
"MIN",0,0.496137872694999
"MIN",0,0.540847578799996
"PHX",1,0.341747929845739
"PHX",1,0.545321548417646
"SAS",1,0.121896113174294
"UTA",0,0.151601664946415
"WAS",0,0.182958672434041
"WAS",0,0.207136051832442
"ATL",1,0.831239884821306
"ATL",1,0.867626093120311
"CLE",0,0.746782331934289
"NOP",0,0.247162548041922
"CHI",0,0.0556596330190049
"CHI",0,0.0475734425599171
"DAL",1,0.352353708682719
"DAL",1,0.236479919375992
"DEN",1,0.806135639414444
"GSW",0,0.471210217216651
"HOU",1,0.64665510741521
"LAC",1,0.296384394143871
"LAL",1,0.593949815467722
"MIA",1,0.536774128449783
"MIN",0,0.495991330440784
"MIN",0,0.540702002082361
"BKN",1,0.359786086446657
"NYK",0,0.305069905123552
"ORL",1,0.439059057657249
"IND",1,0.832478339894952
"IND",1,0.852399451211758
"PHI",0,0.434551483705197
"PHX",0,0.857654041237998
"PHX",0,0.611343815187845
"POR",0,0.426651743471274
"SAC",1,0.959773863209813
"SAS",0,0.766209023665746
"OKC",1,0.812785439095521
"TOR",1,0.259171821008367
"UTA",0,0.151492029289769
"MEM",1,0.740186867742783
"WAS",0,0.182827265897451
"WAS",0,0.206991679644162
"DET",0,0.495330370487613
"CHA",0,0.278367194162245
"ATL",1,0.509955616736677
"ATL",1,0.668838573749605
"BOS",1,0.800969905776231
"CLE",0,0.574516406474838
"NOP",0,0.140209559733989
"CHI",0,0.451204095938662
"CHI",0,0.405151031683771
"LAC",0,0.728595382987971
"LAL",0,0.435120124995077
"MIA",1,0.159035372099866
"MIN",1,0.743084424884301
"MIN",1,0.761911026655771
"BKN",0,0.462854311631636
"NYK",1,0.789432833753272
"ORL",1,0.856043021201713
"IND",0,0.443588726290578
"IND",0,0.475578234394769
"POR",1,0.887509846026473
"SAC",0,0.0697009209803339
"OKC",1,0.812675941619137
"TOR",0,0.412368671093938
"MEM",1,0.740053615304804
"DET",1,0.638794252576575
"CHA",0,0.278238750971973
"ATL",1,0.83101923610293
"ATL",1,0.867445431845517
"DAL",1,0.597901221923777
"DAL",1,0.591372694816169
"GSW",0,0.288536793636083
"MIL",1,0.895311832237886
"PHI",1,0.341241276020527
"PHX",1,0.341316484546049
"PHX",1,0.544845825313045
"UTA",0,0.151358498902964
"WAS",0,0.0967266455105708
"WAS",0,0.111078084107532
"DET",0,0.689169524180275
"CHA",0,0.278163842598375
"BOS",0,0.557329875850938
"CLE",1,0.740608196655566
"NOP",0,0.140093961837673
"DAL",1,0.597805127645712
"DAL",1,0.591276106887543
"DEN",0,0.300846494159302
"HOU",1,0.817776889343113
"LAC",1,0.846580237368603
"LAL",1,0.593506328827136
"MIA",0,0.264254119691815
"BKN",0,0.462615832441949
"NYK",1,0.782588335313559
"ORL",1,0.855924769821138
"IND",0,0.273303087659551
"IND",0,0.640723955407949
"POR",0,0.139682563746065
"SAC",0,0.540000740729276
"SAS",1,0.121628270746325
"OKC",0,0.797815588326902
"TOR",1,0.475588499364692
"UTA",0,0.151272953375889
"MEM",1,0.739858782004941
"ATL",1,0.509556083464338
"ATL",1,0.668484367234152
"BOS",1,0.715703317917116
"NOP",0,0.140020149400791
"CHI",1,0.451530432254174
"CHI",1,0.453473910070294
"LAL",0,0.306489002899821
"MIA",0,0.264150521513284
"MIN",1,0.742789272177806
"MIN",1,0.761630564440467
"BKN",0,0.255860118454607
"CLE",1,0.740444360062145
"DAL",1,0.351739816085214
"DAL",1,0.235994345802702
"DEN",1,0.796853548042067
"GSW",0,0.288279775637458
"HOU",0,0.530248392931404
"LAC",1,0.846469459034204
"MIL",1,0.661832080713823
"NYK",1,0.782452296559704
"ORL",0,0.0846178925914612
"IND",0,0.273144354566905
"IND",0,0.640539922114836
"PHI",1,0.340923885857826
"PHX",1,0.340999060641306
"PHX",1,0.544495587890791
"POR",0,0.426019610744713
"SAC",1,0.516008925045883
"SAS",0,0.444679203024574
"OKC",1,0.762346752978017
"TOR",1,0.475369201083477
"UTA",0,0.0801271847362757
"MEM",0,0.553147254715007
"WAS",0,0.0965893775801007
"WAS",0,0.110922950623349
"DET",0,0.688832657666964
"CHA",0,0.277848293542129
"ATL",1,0.830745912033587
"ATL",1,0.867221612723385
"BOS",1,0.715502674015567
"LAC",0,0.469311675831026
"LAL",0,0.306290811420815
"MIA",1,0.158704229938347
"MIL",0,0.284351329390008
"MIN",1,0.773912384627983
"MIN",1,0.784901680934915
"BKN",1,0.219904264493002
"ORL",1,0.855737373262995
"IND",0,0.2730015439963
"IND",0,0.640374256791623
"PHI",0,0.433739796353902
"DET",0,0.494577706351143
"CLE",1,0.740234346232297
"NOP",1,0.326656092289186
"CHI",1,0.973980741789472
"CHI",1,0.970380398231125
"DAL",1,0.597324543693463
"DAL",1,0.59079306166864
"DEN",0,0.300426316567097
"GSW",1,0.731664047821722
"HOU",0,0.529956352655052
"NYK",1,0.782261739077698
"PHX",0,0.430932964491086
"PHX",0,0.375851210515623
"SAC",0,0.0695179988420764
"SAS",0,0.765568818128985
"OKC",1,0.812241522567544
"TOR",0,0.361046881834083
"MEM",1,0.739504763779686
"WAS",0,0.182298400414081
"WAS",0,0.206410569876991
"CHA",0,0.153131531004729
"ATL",1,0.509076627467738
"ATL",1,0.668059067491343
"BOS",1,0.715312797242773
"CHI",0,0.450346504377922
"CHI",0,0.404316484295929
"GSW",0,0.470128141973433
"LAL",0,0.30608137256387
"MIL",0,0.329493629440083
"MIN",1,0.773744499491011
"MIN",1,0.784739686336136
"ORL",0,0.084490017669964
"IND",1,0.684979100612156
"IND",1,0.394718605447209
"PHI",1,0.225881636070797
"POR",0,0.139385038972209
"SAC",1,0.959612040496585
"SAS",0,0.765458809890334
"UTA",1,0.450934295543983
"BOS",0,0.735471621319925
"CLE",1,0.816523418995158
"NOP",0,0.24625139800575
"DAL",1,0.597087386682427
"DAL",1,0.590554694725569
"DEN",0,0.300219152337167
"MIA",1,0.158512210693108
"NYK",0,0.410134789480678
"PHX",0,0.430697744663168
"PHX",0,0.37562621082378
"OKC",1,0.812103320803959
"TOR",0,0.360837911855273
"MEM",1,0.462305108920391
"WAS",1,0.360623169453228
"WAS",1,0.393449492365032
"DET",1,0.637914606461555
"CHA",0,0.277474199095932
"ATL",0,0.531558767251684
"ATL",0,0.353805388078348
"CLE",0,0.573434815917026
"NOP",0,0.139677189077435
"CHI",0,0.450109069420893
"CHI",0,0.404085476452941
"DEN",1,0.805301437359268
"GSW",1,0.731376223328345
"HOU",1,0.645436490681215
"LAC",0,0.468807346260175
"LAL",1,0.864844505442133
"MIA",1,0.158434034707186
"MIL",1,0.661229496700563
"MIN",0,0.360513210988682
"MIN",0,0.408125174469591
"BKN",0,0.461728311077113
"ORL",1,0.437746993366927
"IND",0,0.442477559712698
"IND",0,0.47445526485209
"PHI",1,0.34030747897996
"PHX",0,0.430508284761189
"PHX",0,0.375445000106703
"POR",0,0.425348641653627
"SAC",1,0.515323472037187
"SAS",1,0.152876528982524
"UTA",0,0.0799290478173859
"MEM",1,0.462099784863629
"WAS",0,0.182040365106651
"WAS",0,0.206127008311762
"CHA",1,0.470422861190683
"NYK",1,0.788616690128336
"TOR",0,0.360610563214096
"DAL",0,0.302810671761759
"DAL",0,0.323674027686202
"MIL",1,0.894881489740048
"ORL",0,0.0843664347858197
"OKC",1,0.761795978076772
"ATL",1,0.830344650363342
"ATL",1,0.866892970781165
"GSW",0,0.28756412578365
"HOU",1,0.817128774277552
"NYK",0,0.40980607142815
"BOS",1,0.714905661663305
"NOP",0,0.245964656910072
"MIA",1,0.158316829413642
"SAC",1,0.959544861457684
"TOR",0,0.411123071749275
"DET",0,0.493891670982726
"CLE",1,0.739706264147471
"CHI",1,0.450527609002184
"CHI",1,0.452470331322251
"DEN",1,0.796231717928188
"LAC",0,0.72747690714512
"LAL",0,0.305617496204724
"MIN",1,0.742009616771857
"MIN",1,0.760889635908706
"BKN",0,0.255084687645194
"IND",1,0.684513190595486
"IND",1,0.394203070410358
"PHI",0,0.432980797524358
"PHX",1,0.232759902190677
"PHX",1,0.210678359158697
"POR",0,0.139119954781168
"SAS",1,0.121130978531113
"UTA",0,0.150682066737307
"MEM",1,0.738970581781641
"WAS",0,0.0962643530725283
"WAS",0,0.110555595966843
"CHA",0,0.152772507004256
"ATL",0,0.11054928415056
"ATL",0,0.084797776509611
"HOU",0,0.529173053003011
"MIL",1,0.660871278199236
"OKC",1,0.811777831792759
"BOS",1,0.799952740176788
"NOP",0,0.139446808288578
"DAL",1,0.596510328936262
"DAL",1,0.589974705758948
"GSW",0,0.469411338148781
"LAL",1,0.864629455560441
"MIN",1,0.773244986972315
"MIN",1,0.784257679867463
"NYK",1,0.7883856216374
"ORL",0,0.611680038845348
"IND",1,0.831483830448505
"IND",1,0.851502109539061
"PHX",1,0.339987850467867
"PHX",1,0.543378500787132
"POR",0,0.424918844647146
"SAS",0,0.764941770791895
"MEM",0,0.55206028607698
"WAS",0,0.181786577094264
"WAS",0,0.205848091115533
"CLE",1,0.816087905120259
"CHI",1,0.973881293760073
"CHI",1,0.970267609426069
"DEN",1,0.804925159476775
"LAC",1,0.845820788356128
"MIA",0,0.263126305243557
"BKN",0,0.461172077715515
"PHI",1,0.339823111105425
"SAC",0,0.53858400045163
"TOR",0,0.360174474650553
"UTA",0,0.0797763374604717
"DET",1,0.360584704383048
"CHA",0,0.276908304226457
"ATL",0,0.110452380557306
"ATL",0,0.0847212956840282
"BOS",0,0.734823112878635
"NOP",0,0.13933812808698
"CHI",1,0.973870447188232
"CHI",1,0.97025530799873
"DAL",0,0.849042208441401
"DAL",0,0.903516526043106
"DEN",0,0.299514286484932
"GSW",0,0.287149425603577
"HOU",1,0.816825974600549
"LAC",1,0.294675791616875
"LAL",1,0.591969019183092
"MIN",0,0.493946483097219
"MIN",0,0.538669831348195
"BKN",1,0.357904021208458
"NYK",1,0.788207750937365
"ORL",0,0.611426845225094
"IND",1,0.684127527677033
"IND",1,0.393776818022661
"PHX",0,0.856655716797087
"PHX",0,0.609404753325145
"POR",1,0.886768184059548
"SAC",0,0.538398585950368
"SAS",1,0.152511107054409
"OKC",1,0.811541581550443
"TOR",0,0.359990281162526
"UTA",1,0.449938304795528
"MEM",1,0.738615781861355
"WAS",1,0.359769621788074
"WAS",1,0.392565952812813
"DET",0,0.687637742887143
"CHA",0,0.152531244924271
"CLE",1,0.739239127674384
"MIA",0,0.687743501641078
"MIL",0,0.328499530386331
"PHI",1,0.225118435611757
"OKC",1,0.811492673774661
"CHA",0,0.152510579861853
"ATL",0,0.530596592610386
"ATL",0,0.352922558072508
"BOS",1,0.799641281661055
"CLE",1,0.739192897888473
"NOP",0,0.245441194410377
"CHI",0,0.449146372834799
"CHI",0,0.403149048030754
"DAL",1,0.350240580824037
"DAL",1,0.234809759539934
"GSW",1,0.821068721344788
"LAC",0,0.72693245742452
"LAL",1,0.591724426642503
"MIA",0,0.262821603714588
"MIL",1,0.894570275042521
"MIN",0,0.493680066927715
"MIN",0,0.538404957277373
"BKN",0,0.460761586452582
"NYK",1,0.788029770927169
"ORL",1,0.436783180013235
"PHI",0,0.247092938811474
"PHX",0,0.8565280613527
"PHX",0,0.609157368062428
"POR",0,0.424404539923919
"SAC",0,0.538140312344616
"SAS",1,0.152376839726502
"UTA",1,0.44969431497255
"MEM",1,0.46113956995889
"WAS",0,0.0960189134825824
"WAS",0,0.110278165115279
"DET",1,0.636830695795801
"NOP",0,0.2453129128065
"DEN",1,0.804590227931516
"HOU",1,0.644405285396771
"IND",1,0.683816510273089
"IND",1,0.393433388929099
"SAC",0,0.538060839417451
"TOR",0,0.359689520476128
"ATL",1,0.50763150294382
"ATL",1,0.666775604036172
"BOS",0,0.555271289238379
"CLE",1,0.739002786382886
"CHI",0,0.448909053851284
"CHI",0,0.402918256037562
"DAL",1,0.350022314759498
"DAL",1,0.234637451851097
"DEN",1,0.795630136800361
"GSW",0,0.468661484091983
"HOU",1,0.644313693342923
"LAC",1,0.294255071538264
"LAL",0,0.432809662542235
"MIA",1,0.15778142427575
"MIL",1,0.660130376264684
"MIN",0,0.359383675452461
"MIN",0,0.406941392526608
"BKN",0,0.25436133713609
"NYK",1,0.781143198503238
"ORL",1,0.436534108321734
"IND",1,0.683678227481381
"IND",1,0.393280787559252
"PHI",1,0.224830385602325
"PHX",0,0.429300142392201
"PHX",0,0.374289823512286
"POR",0,0.424144194812501
"SAS",0,0.442791585794961
"OKC",1,0.760958478474702
"TOR",0,0.410065528851476
"UTA",0,0.0795653322588857
"MEM",0,0.457413068235628
"WAS",0,0.0959241294017417
"WAS",0,0.110171020632137
"DET",1,0.636577993639588
"CHA",0,0.27631648014043
"BOS",0,0.734256784855501
"DAL",0,0.848679843779853
"DAL",0,0.903270026029537
"DEN",0,0.298922038442581
"GSW",0,0.468462431425072
"LAL",1,0.59129950009378
"MIN",1,0.772576198141288
"MIN",1,0.783612282232178
"NYK",1,0.781029294463869
"PHI",1,0.339070315692594
"PHX",1,0.339145292074873
"PHX",1,0.542446158719831
"SAS",0,0.442653531636397
"ATL",1,0.507311825990343
"ATL",1,0.666491369135749
"NOP",0,0.245031838449375
"CHI",0,0.0550590708666835
"CHI",0,0.0470557820699745
"HOU",1,0.644051070911245
"MIA",1,0.533957194565721
"MIL",0,0.282722048767519
"BKN",1,0.357187899599234
"ORL",0,0.61069224403594
"IND",0,0.441012228300959
"IND",0,0.4729738738006
"POR",1,0.88646281803869
"SAC",0,0.537643574906751
"OKC",1,0.811080647175204
"TOR",0,0.409839940997855
"UTA",0,0.0794970604050428
"MEM",1,0.738034060135752
"WAS",1,0.359076383348548
"WAS",1,0.391848197359769
"DET",1,0.636362212609007
"CHA",0,0.152142438363769
"BOS",1,0.713763821958673
"CLE",1,0.815447168885063
"NOP",0,0.244923411808293
"DAL",1,0.595361832527644
"DAL",1,0.588820429537709
"DEN",0,0.405715214018368
"GSW",0,0.286370103541671
"HOU",0,0.484994176282119
"LAC",1,0.845253542963136
"MIN",1,0.772398244137137
"MIN",1,0.783440543117281
"BKN",0,0.46008637816278
"NYK",1,0.787575427139064
"ORL",0,0.610527522955098
"IND",0,0.271286191241621
"IND",0,0.638377520894103
"PHX",0,0.856190464986466
"PHX",0,0.608503747665756
"SAS",1,0.120545016990805
"MEM",1,0.460477520330671
"ATL",1,0.507032103742347
"ATL",1,0.666242564272002
"CHI",1,0.449043906609111
"CHI",1,0.450985482179181
"DAL",0,0.301439850386096
"DAL",0,0.322252413607098
"DEN",1,0.795248597924259
"GSW",1,0.729949931916928
"LAL",1,0.864001360671951
"MIA",0,0.262181954553924
"MIL",0,0.327671307892044
"NYK",1,0.787490715941184
"PHI",1,0.338724063906204
"PHX",0,0.428777962361678
"PHX",0,0.3737907301612
"POR",1,0.886342081289648
"SAC",0,0.0689496542439542
"OKC",1,0.810896848634046
"UTA",0,0.149913018695731
"WAS",0,0.180995263523239
"WAS",0,0.204978277448172
"DET",0,0.492253276649524
"CHA",0,0.275901071860175
"ATL",1,0.829374009823236
"ATL",1,0.866097712265796
"BOS",0,0.733840640523622
"HOU",0,0.484734618803841
"MIA",1,0.533539436790648
"MIN",1,0.740752825455651
"MIN",1,0.759695031745509
"BKN",0,0.253841160462403
"ORL",1,0.435865706076361
"IND",1,0.683090163357552
"IND",1,0.392632464420931
"SAS",0,0.44214740901241
"OKC",1,0.76048316156539
"TOR",0,0.358910511200262
"MEM",0,0.550616815290743
"CLE",1,0.81521848976029
"NOP",0,0.244642639064475
"CHI",1,0.97373313164961
"CHI",1,0.970099577543887
"DAL",0,0.301226679538076
"DAL",0,0.322031309581847
"DEN",1,0.804003050446679
"GSW",0,0.467825530642938
"LAC",1,0.293563860108518
"NYK",1,0.78733014287947
"PHI",1,0.338509235778834
"POR",0,0.138295480853137
"SAC",1,0.51333334448159
"UTA",0,0.149800994962159
"WAS",0,0.180864955001558
"WAS",0,0.204835020668261
"CHA",0,0.275730759819153
"BOS",1,0.713355358859952
"CLE",1,0.815146229789593
"LAC",0,0.726011166321591
"LAL",0,0.431920286226419
"MIL",1,0.659322857380217
"MIN",0,0.358555929406596
"MIN",0,0.406073542836595
"IND",0,0.440394861187069
"IND",0,0.472349571963968
"PHX",0,0.855967223797571
"PHX",0,0.608072017756119
"SAS",1,0.151796134778143
"OKC",1,0.760327815892409
"TOR",0,0.409227822578178
"MEM",1,0.460014168412596
"ATL",0,0.109836041930403
"ATL",0,0.0842349434034224
"NOP",0,0.138588895985826
"CHI",0,0.0549040100622209
"CHI",0,0.0469221414104639
"DAL",0,0.301041627084607
"DAL",0,0.321839362825486
"DEN",1,0.794940380099271
"HOU",1,0.815891228344504
"MIA",1,0.157229836796559
"BKN",0,0.2535889007162
"NYK",1,0.780445437528158
"ORL",0,0.0837121377378225
"PHI",0,0.246147349422912
"SAC",1,0.513107014396514
"TOR",1,0.472486012061536
"UTA",0,0.0792789500040394
"WAS",1,0.35839598713646
"WAS",1,0.391143600502684
"DET",1,0.359007331359722
"BOS",1,0.79872186164247
"GSW",1,0.729508496538615
"LAC",0,0.725825615529416
"LAL",1,0.863735010485363
"MIA",0,0.68644881855588
"MIL",0,0.282020124234368
"MIN",0,0.492288104275011
"MIN",0,0.537020640982881
"BKN",1,0.356380732857793
"IND",1,0.68270356722657
"IND",1,0.392206810814441
"PHI",0,0.246058362059472
"POR",0,0.423057710278572
"OKC",1,0.760152969558178
"ATL",0,0.109747496251705
"ATL",0,0.0841650849803506
"BOS",1,0.798653313679402
"CLE",1,0.814941374555682
"NOP",1,0.32411763434423
"DAL",0,0.848121228421922
"DAL",0,0.902889876890241
"DEN",0,0.404905977120316
"HOU",0,0.484162290586837
"LAL",1,0.863672276038332
"NYK",0,0.30185395574694
"ORL",1,0.854260756385508
"SAC",1,0.512893992934061
"SAS",1,0.120209268293516
"OKC",1,0.760080091156039
"TOR",0,0.358401796435125
"MEM",0,0.550069522270987
"WAS",0,0.0955089931686515
"WAS",0,0.109701708875878
"DET",1,0.358798878967439
"CHA",0,0.151644719016108
"ATL",0,0.109692837542849
"ATL",0,0.0841219634176645
"CHI",1,0.448220017439183
"CHI",1,0.450160941295419
"DEN",1,0.80364589936997
"GSW",1,0.729303390130626
"LAC",1,0.844754495311222
"MIA",0,0.686230842271115
"MIL",0,0.28181514627105
"MIN",0,0.358102558901375
"MIN",0,0.405598081061816
"BKN",0,0.459126775950134
"NYK",0,0.301724820342413
"IND",1,0.830263184649389
"IND",1,0.850400377372523
"PHI",1,0.337960533063052
"PHX",0,0.427942804521595
"PHX",0,0.3729927396076
"POR",1,0.210372465994467
"SAS",0,0.763371481607325
"UTA",1,0.448066143638168
"MEM",0,0.549898056089044
"DET",1,0.358651768203766
"BOS",0,0.553717868793531
"CLE",1,0.737788075805504
"NOP",1,0.398914226460507
"GSW",0,0.467122407887915
"HOU",1,0.815594857141698
"LAL",0,0.30351803678268
"ORL",0,0.609506958850635
"SAC",1,0.95914788764456
"OKC",1,0.759895398054914
"UTA",1,0.447987070262071
"WAS",0,0.180446882784806
"WAS",0,0.204375365436483
"CHA",0,0.151521354711869
"CHI",1,0.447995968552169
"CHI",1,0.449936713336922
"DAL",0,0.300548470468859
"DAL",0,0.321327798904939
"LAC",0,0.725438358072887
"MIA",0,0.261373517298396
"MIL",1,0.658676175287162
"MIN",1,0.740035803946966
"MIN",1,0.759013356398689
"BKN",0,0.458901809375307
"NYK",0,0.407217842185532
"ORL",1,0.854071564475289
"IND",1,0.682276287279965
"IND",1,0.391736876315461
"PHI",0,0.430444381199773
"PHX",1,0.230918722532575
"PHX",1,0.208964276397503
"POR",0,0.422563507872977
"SAC",1,0.51247459331426
"SAS",0,0.441188078624637
"TOR",0,0.358022000410982
"MEM",1,0.73696626452845
"DET",1,0.35843115192688
"ATL",1,0.828766068038229
"ATL",1,0.865599413514788
"BOS",1,0.798310311985512
"NOP",0,0.243914631760956
"DAL",1,0.348375228072576
"DAL",1,0.233338406900144
"DEN",0,0.404398861640289
"GSW",0,0.466857112330297
"HOU",1,0.642650996488638
"LAL",0,0.303292773464744
"MIA",1,0.532431821046399
"MIN",1,0.77143183741315
"MIN",1,0.782507820266971
"PHX",0,0.427577551749241
"PHX",0,0.372643835820424
"UTA",0,0.149299433488762
"WAS",0,0.180281440111715
"WAS",0,0.204193450046456
"CHA",1,0.370575183509126
"CLE",1,0.737509621807239
"NOP",0,0.24383110333222
"CHI",0,0.0547217878990756
"CHI",0,0.0467650996181953
"DEN",1,0.794375145631935
"LAC",0,0.725210088479099
"MIL",1,0.89375579249429
"BKN",0,0.458637164270392
"NYK",1,0.779851313501776
"IND",1,0.829985127924076
"IND",1,0.850149354802767
"PHI",1,0.223523526218857
"POR",1,0.210053951365538
"SAS",0,0.440951598587239
"OKC",0,0.795224441788598
"TOR",0,0.408261893100873
"WAS",0,0.0952836507459068
"WAS",0,0.109446932326909
"DET",1,0.634862566264052
"ATL",0,0.109440676018078
"ATL",0,0.0839230431405721
"CLE",1,0.737401282720282
"DAL",1,0.348151454543214
"DAL",1,0.233162085692976
"GSW",1,0.819714178934105
"HOU",1,0.642430675056214
"MIA",1,0.532199645120765
"MIN",1,0.771267355425667
"MIN",1,0.782349059982279
"ORL",0,0.609012178601577
"PHX",1,0.337487063050867
"PHX",1,0.540607058855746
"POR",0,0.422192957717679
"TOR",0,0.408146029010065
"UTA",0,0.149170877788421
"MEM",0,0.455443041445969
"DET",0,0.685493242174923
"BOS",0,0.732720196809927
"NOP",1,0.398332956601185
"CHI",1,0.447462290245469
"CHI",1,0.449402605310764
"DEN",1,0.794214060264994
"GSW",0,0.284961833214241
"MIL",1,0.658202765032462
"BKN",0,0.252747553554238
"NYK",0,0.406722669231991
"ORL",0,0.608904312084962
"IND",1,0.829842201344277
"IND",1,0.850020316543876
"PHI",0,0.429941449662051
"SAC",1,0.959045446594153
"OKC",1,0.8099265802864
"WAS",0,0.0952009914291406
"WAS",0,0.109353471357909
"MIA",1,0.532013894335351
"MIN",0,0.491209247854784
"MIN",0,0.535947236408017
"PHX",1,0.337326223981604
"PHX",1,0.54042838148648
"POR",0,0.137620515856068
"TOR",0,0.407972252018328
"UTA",0,0.0789334353369129
"MEM",1,0.45871715322829
"DET",1,0.357922737266516
"BOS",1,0.712198886432877
"CLE",0,0.743035612737723
"NOP",0,0.137963423672769
"CHI",0,0.446563501967809
"CHI",0,0.400638308732959
"DAL",0,0.847560921281515
"DAL",0,0.902508395012315
"DEN",1,0.803035507052781
"MIL",0,0.326117622521982
"BKN",0,0.252601639742945
"NYK",1,0.779549240015513
"ORL",1,0.434248093935604
"IND",1,0.681663702482983
"IND",1,0.391064076556023
"PHI",0,0.245169680874106
"PHX",1,0.337195197755609
"PHX",1,0.540282784831742
"SAC",1,0.959012990605371
"OKC",1,0.809799386179076
"UTA",1,0.371840520695418
"WAS",0,0.17993911388919
"WAS",0,0.203817008322305
"CHA",0,0.151079976151513
"GSW",0,0.284717578191572
"HOU",1,0.815037162034193
"LAC",1,0.844191059262358
"LAL",0,0.430384533431368
"MIA",0,0.260715602315889
"MIN",1,0.770961668033486
"MIN",1,0.782053997577494
"NYK",0,0.406407657774411
"SAS",1,0.119700139808651
"TOR",1,0.471065010718579
"MEM",0,0.548882206981476
"WAS",0,0.179884074330482
"WAS",0,0.203756479746694
"DET",1,0.634355920009107
"ATL",1,0.505007327061998
"ATL",1,0.664438936813914
"CLE",1,0.814140359442305
"NOP",1,0.397911555436559
"CHI",0,0.446313272662525
"CHI",0,0.400395195605532
"DAL",0,0.847430054100069
"DAL",0,0.902419268656123
"DEN",1,0.802875305539572
"MIL",1,0.893492366625565
"BKN",1,0.355061674363436
"IND",0,0.438734144967422
"IND",0,0.470669705196205
"PHI",0,0.429517009549097
"PHX",0,0.426788614905618
"PHX",0,0.371890407567499
"POR",0,0.137437202783257
"SAC",0,0.0684297647087713
"OKC",1,0.809647488618593
"ATL",1,0.82823981777103
"ATL",1,0.865167946123194
"BOS",0,0.552552112880998
"NOP",1,0.322846437921762
"CHI",0,0.446188168203394
"CHI",0,0.400273657422209
"DAL",0,0.299619453507694
"DAL",0,0.320363970459877
"DEN",0,0.403494264581579
"GSW",1,0.819300342455438
"HOU",1,0.641787727242298
"LAC",1,0.844043801982646
"LAL",1,0.862974289195788
"MIA",0,0.26049995770408
"MIL",1,0.89343149439822
"MIN",0,0.490676508826129
"MIN",0,0.535417036572829
"BKN",0,0.25227982045195
"NYK",1,0.786015482232526
"ORL",0,0.0831822689118181
"PHI",0,0.429347262482293
"SAS",0,0.762407499333105
"TOR",1,0.470759622269956
"UTA",0,0.148802632349745
"MEM",1,0.458174689331705
"CHA",1,0.466501642979987
"CLE",0,0.569395538489642
"HOU",0,0.525513601751817
"LAC",1,0.291881294392273
"IND",1,0.681241462233612
"IND",1,0.390600973855705
"PHX",1,0.230077475098096
"PHX",1,0.208181360071407
"POR",0,0.137323525530627
"SAC",1,0.511289529973243
"OKC",1,0.758911976663248
"WAS",0,0.179656193311662
"WAS",0,0.203505861004326
"DET",0,0.684791978002922
"BOS",1,0.711679754716224
"NOP",1,0.322630943467921
"CHI",0,0.445944563305865
"CHI",0,0.40003701303242
"DAL",1,0.347299310704169
"DAL",1,0.232491009199967
"DEN",1,0.80263903994412
"LAL",1,0.862867125241513
"MIA",0,0.684863754862326
"MIL",1,0.893345206293315
"MIN",1,0.770599174615952
"MIN",1,0.781704088906906
"BKN",0,0.252108964491527
"NYK",0,0.405906369859325
"ORL",0,0.0831132042684197
"SAS",0,0.762248182705058
"OKC",0,0.794524969494563
"TOR",0,0.407225916858983
"UTA",0,0.0787090099944407
"MEM",1,0.45794979427953
"CHA",1,0.466276178019295
"ATL",1,0.828012263596601
"ATL",1,0.864981340195868
"BOS",0,0.731962859203916
"CLE",1,0.813817590154064
"GSW",1,0.72794934840015
"HOU",1,0.641450741272473
"MIN",0,0.490336898671667
"MIN",0,0.535078992313956
"IND",1,0.829311033729487
"IND",1,0.849540716827568
"PHI",0,0.244617818567404
"PHX",1,0.229888726714759
"PHX",1,0.208005721642959
"POR",0,0.137197310205055
"WAS",0,0.094875571737075
"WAS",0,0.108985502201626
"DET",0,0.68457337916957
"CHI",0,0.0544536383845159
"CHI",0,0.0465340203548838
"DEN",1,0.802495488821663
"LAC",1,0.843801633023035
"LAL",0,0.302106074016021
"MIA",1,0.156082225271732
"MIL",1,0.893256316042049
"BKN",0,0.25194320707823
"ORL",0,0.607894928903558
"PHI",0,0.244539049699169
"POR",1,0.885277470695616
"SAC",1,0.510929990672745
"SAS",0,0.439664568813473
"OKC",1,0.758643737885985
"WAS",0,0.0948366798512742
"WAS",0,0.108941522468952
"ATL",0,0.108937877998802
"ATL",0,0.0835264840122994
"BOS",1,0.797313138461439
"CLE",1,0.736393902895924
"NOP",1,0.322299113005706
"CHI",1,0.973472221923312
"CHI",1,0.969803694847903
"DAL",0,0.299094113009914
"DAL",0,0.319818866401888
"GSW",0,0.465305513657379
"HOU",0,0.482072991063082
"LAC",0,0.464231605345951
"MIN",0,0.356303842175298
"MIN",0,0.403710840607346
"NYK",1,0.778847835915596
"PHX",0,0.4260521753429
"PHX",0,0.37118735448784
"UTA",0,0.0786066651787106
"MEM",1,0.73566256761746
"DET",1,0.633539718501682
"CHA",1,0.369122030288763
"DEN",1,0.793372288595104
"LAL",1,0.862649428767615
"MIA",0,0.684466813617304
"BKN",0,0.457115912246065
"NYK",1,0.785566972999501
"ORL",0,0.0829792864483826
"PHI",0,0.244371722818445
"POR",1,0.209043252378244
"TOR",1,0.470095810161147
"WAS",0,0.0947635103124094
"WAS",0,0.108858779347969
"ATL",0,0.526778901715505
"ATL",0,0.349431600352024
"BOS",1,0.797175309124076
"CLE",0,0.568729036431184
"DAL",0,0.84694020868039
"DAL",0,0.902085574105745
"GSW",0,0.283828471862037
"HOU",1,0.81437748641997
"LAC",0,0.464039417971134
"MIN",1,0.770198551880102
"MIN",1,0.781317356121292
"BKN",0,0.456990278965214
"PHX",1,0.229577529418175
"PHX",1,0.207716157167609
"SAC",1,0.510590415387486
"OKC",1,0.758399707923345
"UTA",0,0.0785468595511163
"MEM",1,0.735501906556693
"DET",1,0.633347923439534
"CHA",0,0.150472678167527
"ATL",0,0.526646053494994
"ATL",0,0.349310463197744
"BOS",0,0.551596683828839
"CHI",0,0.0543563123290516
"CHI",0,0.0464501538262627
"DAL",1,0.592212591555551
"DAL",1,0.585655709325875
"DEN",1,0.793206251447035
"GSW",1,0.72747945142038
"LAC",1,0.843541575138743
"LAL",1,0.862523094914345
"MIA",0,0.259766605986095
"MIL",1,0.893068161876445
"ORL",0,0.607431191693993
"IND",0,0.268723266668459
"IND",0,0.635370365094158
"POR",1,0.208867078600231
"SAC",0,0.0681517212875095
"SAS",1,0.119173294951054
"OKC",0,0.886768455302253
"TOR",1,0.254422169169359
"WAS",0,0.094665268336707
"WAS",0,0.108747680156146
"CLE",0,0.568467594963837
"NOP",0,0.137258264641299
"PHI",1,0.222235902058471
"POR",1,0.208823052233712
"MEM",1,0.735346368584696
"CHA",0,0.27338499745222
"ATL",0,0.526453416878523
"ATL",0,0.349134848882835
"BOS",1,0.796964122548979
"CLE",0,0.74185352631756
"NOP",0,0.137229869036184
"CHI",0,0.445036212798529
"CHI",0,0.399154805600416
"DAL",0,0.846760506622712
"DAL",0,0.901963121846575
"DEN",0,0.295815468816751
"GSW",0,0.464761948325459
"HOU",1,0.640715014478305
"LAC",1,0.843429008494627
"LAL",1,0.587688630678023
"MIA",1,0.530328470280801
"MIL",0,0.324731327279876
"MIN",1,0.738263375316195
"MIN",1,0.757327887213941
"BKN",0,0.45662002328623
"NYK",1,0.778452881697463
"ORL",1,0.432684205913628
"IND",1,0.680280191627528
"IND",1,0.389548625701485
"PHI",1,0.335698781605642
"PHX",1,0.335773391213389
"PHX",1,0.538700637796141
"SAC",0,0.0680874461782428
"SAS",0,0.438929486204209
"TOR",1,0.254235199320436
"UTA",0,0.0784273731492
"MEM",1,0.73518039689813
"WAS",0,0.0945762440273797
"WAS",0,0.108647001875902
"DET",0,0.488863833684187
"CHA",1,0.3685327499766
"POR",0,0.136768907698874
"OKC",1,0.808779488653148
"ATL",0,0.108633045012061
"ATL",0,0.0832861116499665
"BOS",0,0.731172739328764
"CLE",1,0.735783105343395
"NOP",0,0.137113183445925
"CHI",1,0.44550651427914
"CHI",1,0.447445216306086
"DAL",1,0.346243044911313
"DAL",1,0.231659987077685
"DEN",0,0.295610140559811
"HOU",1,0.640494167150385
"LAC",0,0.723417015994936
"LAL",1,0.587456175788478
"MIA",1,0.155584483917033
"MIL",1,0.656390118332459
"MIN",1,0.73807797748638
"MIN",1,0.757151551374636
"BKN",0,0.456382027062994
"NYK",1,0.778287402270716
"ORL",0,0.0827545035548701
"PHX",1,0.335577307810703
"PHX",1,0.538482120347276
"SAC",1,0.958727157843934
"TOR",1,0.46935246629078
"UTA",0,0.148088560440684
"MEM",0,0.547172818517085
"WAS",0,0.0945032544445984
"WAS",0,0.108564455194477
"DET",0,0.488650775885614
"CHA",0,0.273030506506566
"ATL",0,0.526008329846811
"ATL",0,0.348729275879641
"GSW",1,0.727003758865245
"HOU",1,0.640353039073228
"LAL",0,0.301185531789785
"MIL",0,0.324398371118919
"PHI",1,0.221881470535779
"POR",1,0.884841056541921
"UTA",0,0.0783388294325318
"BOS",1,0.710524745858062
"CLE",1,0.813057381149391
"NOP",0,0.242013048500459
"CHI",0,0.0542126799129966
"CHI",0,0.0463263893765898
"DAL",1,0.591536758219253
"DAL",1,0.584976624646249
"DEN",0,0.295404895035977
"GSW",1,0.726924426378305
"LAC",1,0.290610737691542
"MIA",0,0.683637547377112
"MIN",1,0.769599060239434
"MIN",1,0.780738613034207
"BKN",1,0.353403767593773
"NYK",1,0.778126434771054
"IND",1,0.828566701909283
"IND",1,0.848868525228417
"PHI",1,0.221789476536071
"PHX",0,0.85422731973789
"PHX",0,0.604720423626194
"SAC",0,0.0679691917316573
"SAS",0,0.761198725113427
"OKC",0,0.793579402212529
"TOR",1,0.253876673045704
"WAS",0,0.17872345609296
"WAS",0,0.202479863574656
"DET",0,0.488404432951321
"CHA",0,0.272834865915221
"ATL",0,0.108460295462119
"ATL",0,0.0831499091115842
"CLE",1,0.735441077529828
"HOU",0,0.523825720564782
"LAL",1,0.587075123751334
"MIN",1,0.769495100023863
"MIN",1,0.780638246472014
"ORL",0,0.0826433300126262
"POR",1,0.88473784153498
"UTA",0,0.147913843662824
"MEM",1,0.734744404508746
"WAS",0,0.178664797242299
"WAS",0,0.202415329335247
"BOS",1,0.79646783712392
"NOP",0,0.241817583886028
"CHI",1,0.973337711824931
"CHI",1,0.969651163259595
"DAL",0,0.298005997061338
"DAL",0,0.318689634901413
"DEN",1,0.801573202522719
"GSW",0,0.464006399273975
"LAC",1,0.290391059779425
"MIL",0,0.324083102745464
"PHI",0,0.42751375664376
"PHX",1,0.228800830652194
"PHX",1,0.206993547638305
"SAS",1,0.149881490013214
"TOR",0,0.355289089011538
"DET",1,0.355702954372967
"CHA",0,0.272676302723901
"ATL",0,0.108383023154144
"ATL",0,0.0830889885723402
"DEN",1,0.801518101543405
"HOU",0,0.480689337004421
"LAL",1,0.586881328436189
"MIA",1,0.529498772843984
"MIN",0,0.488685593942669
"MIN",0,0.533434715466469
"BKN",1,0.353081128248404
"NYK",0,0.40420474638507
"ORL",0,0.082576691134137
"IND",1,0.828362222870373
"IND",1,0.848683839140229
"PHX",0,0.424664913331532
"PHX",0,0.369863614841955
"POR",1,0.884637265412082
"SAC",0,0.0678780970009392
"SAS",0,0.760937076331965
"OKC",1,0.757490441214423
"UTA",1,0.369577897684606
"WAS",1,0.439341078349068
"WAS",1,0.474259474997694
"CHA",0,0.272554776628683
"BOS",1,0.796295004557429
"CLE",1,0.735171401493359
"CHI",0,0.0541034859133259
"CHI",0,0.0462323033051497
"DAL",0,0.297783075563132
"DAL",0,0.318458260102553
"LAC",0,0.722803485452504
"MIL",0,0.278976421025947
"PHI",0,0.427265960854861
"TOR",1,0.468649069592043
"MEM",1,0.456078547101529
"DET",1,0.355483146594441
"ATL",1,0.82693574571924
"ATL",1,0.864098242168128
"NOP",0,0.136703868615985
"DEN",1,0.792357051175066
"GSW",1,0.726453424344489
"HOU",0,0.523380399745399
"MIL",0,0.32379716396699
"MIN",0,0.48844590808706
"MIN",0,0.533195968874892
"NYK",1,0.777721347485983
"ORL",0,0.0825060669712589
"IND",1,0.67935801785695
"IND",1,0.388541617203944
"PHX",0,0.424437072357543
"PHX",0,0.3696462854016
"POR",1,0.884542055604705
"SAC",1,0.958594104434716
"SAS",0,0.437886392291432
"OKC",1,0.757319082805982
"UTA",0,0.147662148385036
"MEM",1,0.734354738224137
"WAS",1,0.439104810387885
"WAS",1,0.474020305219069
"DET",0,0.682902438140025
"CHA",0,0.272359349209827
"BOS",1,0.796135037215563
"CLE",0,0.740872570557675
"CHI",1,0.444493068301493
"CHI",1,0.446430910847059
"DAL",0,0.297576958709184
"DAL",0,0.318244318113622
"HOU",0,0.52320757862972
"LAC",0,0.462436069294369
"LAL",1,0.586467808528396
"MIA",0,0.258635883172068
"BKN",1,0.215214367635594
"NYK",1,0.784393146007255
"IND",0,0.26756764929689
"IND",0,0.634005017090153
"PHI",1,0.22126104036043
"POR",1,0.884474006776727
"TOR",0,0.354807065042415
"ATL",0,0.52505158590931
"ATL",0,0.347858338342029
"CLE",1,0.812505954172769
"NOP",0,0.13656870638361
"CHI",0,0.0540271735251717
"CHI",0,0.0461665512677585
"DEN",1,0.792159704445797
"GSW",0,0.282416953795562
"MIA",1,0.528967680626501
"MIL",1,0.655373760371931
"MIN",1,0.737206506016481
"MIN",1,0.756322589791437
"BKN",0,0.455265034959755
"ORL",1,0.852238907757953
"PHI",0,0.426874778698207
"PHX",0,0.424150689272083
"PHX",0,0.369373146216877
"SAC",0,0.532645718798763
"SAS",1,0.118503641843867
"OKC",1,0.757108444145988
"TOR",0,0.354678981612256
"UTA",1,0.369087586021008
"MEM",1,0.455642319442124
"WAS",1,0.438816075928371
"WAS",1,0.473728002799859
"DET",0,0.682648502055948
"CHA",0,0.272127063195558
"BOS",0,0.730129208886189
"DAL",1,0.590519138191672
"DAL",1,0.583954155997562
"DEN",1,0.792054396301255
"GSW",0,0.282287372946236
"HOU",0,0.522921746916313
"LAC",0,0.462151257070279
"LAL",1,0.861686840101292
"MIN",1,0.73707743180595
"MIN",1,0.756199799626531
"ORL",0,0.082366997465476
"IND",1,0.67895739254857
"IND",1,0.388104908835259
"POR",1,0.884359606250538
"SAC",0,0.0677063379601971
"ATL",1,0.502036487984814
"ATL",1,0.661784129628548
"CLE",1,0.812335407882328
"MIA",0,0.258365191299592
"MIL",0,0.323318948491432
"BKN",1,0.214971446584014
"PHI",0,0.242834973076111
"PHX",1,0.334372346702157
"PHX",1,0.537137584787556
"SAS",0,0.437387999841579
"OKC",1,0.756946707027823
"TOR",0,0.404771200011883
"UTA",0,0.0779740737934453
"WAS",0,0.178075137139825
"WAS",0,0.201766539610742
"DET",1,0.354872889383581
"CHA",1,0.367076744259116
"ATL",1,0.826550258820086
"ATL",1,0.863781896309589
"BOS",1,0.795797502658595
"NOP",0,0.13638343432522
"CHI",0,0.443266648116136
"CHI",0,0.397437025147808
"DAL",1,0.3448450729156
"DAL",1,0.230561491412288
"DEN",1,0.80091547965714
"GSW",1,0.817542220041862
"HOU",0,0.5226757866732
"LAC",1,0.842480136316678
"LAL",1,0.861569297139647
"MIN",1,0.736886327146585
"MIN",1,0.75601799325395
"NYK",0,0.403293877272476
"ORL",1,0.430945221606439
"IND",0,0.267144887976744
"IND",0,0.633504054391511
"PHX",0,0.853579117710429
"PHX",0,0.603477752795714
"POR",0,0.418602576571705
"SAC",1,0.508412919734733
"SAS",0,0.437184744414698
"OKC",1,0.807714039930141
"UTA",0,0.0779166231113657
"MEM",0,0.451777792561683
"WAS",0,0.177954269875946
"WAS",0,0.201633536788468
"HOU",1,0.813000032081902
"MIL",1,0.892258842929916
"PHI",0,0.242629264148413
"TOR",0,0.40452727164232
"DET",1,0.354659410737785
"CHA",0,0.149338563818631
"ATL",1,0.82641651605364
"ATL",1,0.863672126883862
"BOS",1,0.795645909870088
"CLE",1,0.734392505160852
"NOP",0,0.136270490969699
"DAL",0,0.845709957858047
"DAL",0,0.901246883920226
"DEN",1,0.791742629346396
"GSW",1,0.817407042823481
"LAL",1,0.861467570759964
"MIA",0,0.68231637655238
"MIL",0,0.278162469671298
"MIN",0,0.353948410020399
"MIN",0,0.401237362913803
"BKN",1,0.214697275338983
"ORL",0,0.60529424220859
"POR",0,0.4184080427759
"SAC",1,0.958448969567622
"SAS",1,0.11824224992988
"OKC",1,0.756647545973479
"UTA",0,0.0778592111840633
"WAS",0,0.177841258700571
"WAS",0,0.201509174129523
"CHA",0,0.149257342572059
"CHI",0,0.442905016921579
"CHI",0,0.397086115594718
"NYK",1,0.783824805719479
"IND",0,0.435364460617857
"IND",0,0.467258938663951
"PHI",0,0.426164365422336
"PHX",0,0.853425860851001
"PHX",0,0.603184414493869
"TOR",1,0.252677287878374
"MEM",1,0.454948461414789
"DET",1,0.631055509103829
"ATL",0,0.107853725151432
"ATL",0,0.0826717627660243
"BOS",1,0.709064768670704
"CLE",1,0.811977686036081
"NOP",0,0.240715229832327
"CHI",0,0.442799826465369
"CHI",0,0.396984052673259
"DAL",1,0.344417779812213
"DAL",1,0.230226043821143
"DEN",1,0.791580022765533
"GSW",0,0.281704705743662
"HOU",1,0.812789290205042
"LAC",1,0.842228911937332
"LAL",0,0.299606387421439
"MIA",0,0.257865153218053
"MIL",1,0.654560853912301
"MIN",0,0.487247560704428
"MIN",0,0.532002010005565
"BKN",1,0.21452211872116
"NYK",1,0.77688649703899
"ORL",1,0.430461744761001
"IND",1,0.678306540934963
"IND",1,0.38739643161308
"PHI",0,0.24232581511213
"PHX",0,0.423252818980914
"PHX",0,0.368517025692738
"POR",0,0.418116289676688
"SAC",1,0.958401191438308
"SAS",0,0.436693084783731
"OKC",1,0.756426693343933
"TOR",0,0.353831717199643
"UTA",1,0.36822554213175
"MEM",0,0.545125371974584
"WAS",0,0.177658222114414
"WAS",0,0.201307742657491
"DET",1,0.630832145325754
"CHA",0,0.149095009353448
"NOP",1,0.319662525257795
"DAL",1,0.344231294051605
"DAL",1,0.230079688117
"GSW",1,0.817140436567379
"HOU",0,0.479066583372229
"LAC",1,0.288981972480785
"MIA",0,0.257717303910757
"MIN",1,0.73636420866089
"MIN",1,0.75552124372856
"SAC",0,0.0674813062826576
"OKC",0,0.792315105132413
"UTA",0,0.146992691946051
"LAL",0,0.426515221634519
"CHA",1,0.462929031712626
"ATL",0,0.523855398131933
"ATL",0,0.346771096063581
"BOS",1,0.795273069575081
"CLE",1,0.811770130250201
"CHI",0,0.0537825705630076
"CHI",0,0.0459558076427299
"DEN",1,0.791368934337662
"LAC",0,0.721547143521972
"LAL",1,0.585194179403175
"MIL",1,0.892002421989907
"BKN",0,0.454089044799916
"NYK",1,0.776687834160857
"ORL",1,0.85163727567852
"IND",1,0.827378792620094
"IND",1,0.847795451121453
"PHI",0,0.425695268502179
"PHX",0,0.422973151064509
"PHX",0,0.368250432364277
"POR",0,0.135596603419635
"SAS",1,0.148933338779926
"MEM",0,0.544867680452869
"CHA",0,0.148973355023535
"CLE",1,0.733846408450676
"NOP",0,0.135941522746436
"DAL",1,0.344008777089112
"DAL",1,0.22990509091599
"GSW",1,0.81699307678664
"HOU",1,0.812517487973101
"MIA",1,0.527639665727378
"MIL",1,0.654169131708847
"MIN",0,0.353314990305374
"MIN",0,0.400571787357656
"NYK",0,0.297347403046572
"ORL",0,0.604631984698238
"SAC",0,0.53133879155778
"SAS",0,0.759601557593091
"OKC",1,0.807163032650592
"TOR",0,0.353478453269291
"UTA",0,0.146855764047936
"MEM",1,0.454340653282614
"WAS",0,0.177432550796955
"WAS",0,0.201059375299869
"DET",1,0.630472163555815
"CHI",0,0.442214798444996
"CHI",0,0.396416491518474
"DEN",0,0.399639529884637
"HOU",0,0.521631996623821
"LAL",1,0.584941903979062
"BKN",1,0.351275613896797
"PHI",0,0.425473796946064
"PHX",1,0.227332540548058
"PHX",1,0.205627888078033
"POR",1,0.883835377721972
"UTA",1,0.367773150586202
"CHA",0,0.148861910501495
"ATL",0,0.523489841076604
"ATL",0,0.346439201247732
"BOS",1,0.708481764838799
"CLE",1,0.733659010650568
"NOP",1,0.319239648696739
"DAL",0,0.296169771826689
"DAL",0,0.316783474982498
"GSW",1,0.724968321504099
"LAC",0,0.721247244522733
"MIA",0,0.257350469096671
"MIL",1,0.891858592086521
"MIN",0,0.48657521799113
"MIN",0,0.53133190499675
"NYK",0,0.297147025089807
"ORL",1,0.429808608449842
"IND",1,0.827161764309837
"IND",1,0.847599363561448
"PHX",0,0.422609006407841
"PHX",0,0.367903361720211
"SAS",0,0.436057389600172
"OKC",1,0.807001231405569
"TOR",1,0.466652376701394
"MEM",0,0.544491011192514
"WAS",0,0.0935815714019485
"WAS",0,0.107521918566581
"DET",1,0.630236234679437
"ATL",1,0.500577647073016
"ATL",1,0.660476783758525
"CHI",1,0.973091129448025
"CHI",1,0.969371559230116
"DEN",1,0.800072910658743
"LAC",0,0.721124014327711
"MIA",0,0.257233357687688
"MIN",1,0.767741757650137
"MIN",1,0.778945315372697
"BKN",0,0.249086563322616
"IND",0,0.434382199911367
"IND",0,0.466264141064118
"PHI",0,0.425187231100125
"POR",1,0.206682865564134
"SAC",1,0.507120915981254
"OKC",0,0.885431906225964
"UTA",0,0.146658906793526
"WAS",1,0.35290657755585
"WAS",1,0.385453942289007
"DET",1,0.353513717322569
"CHA",0,0.148703305249338
"BOS",1,0.79483889947935
"CLE",1,0.811362647366415
"NOP",1,0.318979119436248
"DAL",0,0.295919885746924
"DAL",0,0.316524018198479
"GSW",1,0.724729178068499
"HOU",1,0.812188486038785
"LAL",1,0.860875043621214
"MIL",0,0.321898151692247
"ORL",0,0.604135039342319
"PHX",0,0.422348954545155
"PHX",0,0.367655537851324
"SAS",0,0.435795308320411
"TOR",0,0.35300362644138
"MEM",1,0.732698499850246
"CHA",0,0.148649343801612
"ATL",0,0.107421193355976
"ATL",0,0.0823308999530167
"BOS",0,0.548048437760862
"CHI",0,0.44170220902526
"CHI",0,0.395919307540322
"HOU",1,0.812127511071589
"LAC",1,0.288254351885862
"MIA",1,0.153960145168549
"BKN",0,0.453322943958169
"NYK",1,0.776151277995028
"IND",1,0.826940706985431
"IND",1,0.847399623232425
"PHI",0,0.241553677279293
"POR",1,0.206521260668281
"SAC",1,0.958235153393346
"SAS",0,0.435670832268365
"OKC",1,0.806756258868078
"TOR",0,0.403090340062973
"UTA",0,0.146528900816224
"WAS",0,0.177055637493491
"WAS",0,0.20064451489755
"DET",1,0.35327625695629
"NOP",1,0.393318042686888
"DAL",1,0.343305593059967
"DAL",1,0.229353598047414
"DEN",0,0.292909787596055
"GSW",1,0.816522503030159
"LAL",1,0.860760115825278
"MIL",1,0.891650254601903
"MIN",0,0.352603008495151
"MIN",0,0.399823453256435
"ORL",0,0.603892859758485
"PHX",0,0.852737906380009
"PHX",0,0.601869861512731
"CHA",0,0.148531359482842
"ATL",0,0.522838422742747
"ATL",0,0.345848195334337
"BOS",0,0.728509071036828
"CLE",1,0.811146407086883
"NOP",0,0.135522668882532
"CHI",1,0.442171794427253
"CHI",1,0.444107607548077
"DEN",1,0.79975305802736
"LAC",0,0.720721944726367
"LAL",1,0.860705816708471
"MIA",1,0.153828301997633
"MIN",0,0.352499612505315
"MIN",0,0.399714759754827
"BKN",0,0.453058822322071
"NYK",1,0.782798155065303
"IND",0,0.265728354755731
"IND",0,0.631819701514991
"PHX",1,0.332589654207571
"PHX",1,0.535142974340171
"POR",1,0.206342294169412
"OKC",1,0.80659419809765
"TOR",0,0.402840329177562
"UTA",1,0.367017618602636
"MEM",0,0.449989968434104
"DET",0,0.680728939286724
"DAL",0,0.844807302729852
"DAL",0,0.900630964384273
"GSW",0,0.28051467737745
"HOU",0,0.477796619559076
"MIL",1,0.653246252707441
"BKN",0,0.248623351069177
"PHI",1,0.219580672481128
"SAC",1,0.95817859891385
"SAS",1,0.117538431777471
"MEM",0,0.449917426881651
"WAS",1,0.436553585888428
"WAS",1,0.471436725943168
"DET",1,0.35296584112135
"CHA",0,0.270310035129115
"BOS",1,0.70773826546331
"CLE",1,0.732955520804006
"NOP",1,0.3929747543407
"CHI",0,0.053524162014691
"CHI",0,0.0457331867025709
"DEN",0,0.292611867299648
"LAC",0,0.720523459654426
"LAL",1,0.860587574926932
"MIA",0,0.680720139008783
"MIN",1,0.767204426829547
"MIN",1,0.778426423570837
"NYK",1,0.78263501497979
"ORL",0,0.603542246452931
"IND",1,0.826646889001884
"IND",1,0.847134119156481
"PHX",0,0.85254707880585
"PHX",0,0.601505865430001
"POR",0,0.416600101340135
"SAS",0,0.758749031098702
"OKC",1,0.806436193370448
"TOR",1,0.251341244187056
"UTA",0,0.146272502644336
"ATL",1,0.82526680663873
"ATL",1,0.862728187825588
"DAL",0,0.844674504820342
"DAL",0,0.900540310836695
"GSW",1,0.816226919137577
"HOU",0,0.520481614629367
"MIA",1,0.153630710468311
"PHI",0,0.424353871475502
"POR",1,0.20612419769729
"SAC",1,0.958138005346676
"OKC",1,0.755216965250471
"UTA",0,0.146232577989236
"MEM",0,0.449660251286178
"WAS",0,0.0932453451281453
"WAS",0,0.107141526763502
"DET",1,0.62931054564272
"CHA",0,0.270105113147021
"ATL",0,0.522319891284546
"ATL",0,0.345378142720337
"CLE",1,0.81083190792284
"NOP",0,0.13528247686587
"CHI",0,0.440953263579609
"CHI",0,0.395193041132451
"GSW",1,0.816150966471616
"HOU",0,0.520355258638418
"LAC",0,0.720303415910629
"LAL",1,0.860456452019689
"MIL",1,0.652890062692366
"MIN",1,0.73507416774473
"MIN",1,0.75429366447067
"BKN",0,0.248319836861004
"NYK",0,0.401045234125425
"ORL",0,0.603274433702452
"IND",1,0.826486458554129
"IND",1,0.846989139249091
"PHI",0,0.240973238482802
"PHX",1,0.332116651502831
"PHX",1,0.534612653527187
"SAS",1,0.148148118386216
"TOR",1,0.251135730567843
"BOS",1,0.707396433725068
"CLE",1,0.732632041073858
"DAL",0,0.295082273116245
"DAL",0,0.315654231239922
"DEN",1,0.790258137899572
"LAC",1,0.841170924758209
"MIA",0,0.256353593336889
"MIL",1,0.891353861196423
"MIN",1,0.766914003631566
"MIN",1,0.778145951934626
"POR",0,0.416243960038874
"SAC",0,0.0670299902921459
"OKC",1,0.806207328601539
"UTA",0,0.0772245352486136
"MEM",0,0.449383323045942
"WAS",1,0.351866757452291
"WAS",1,0.384375187423835
"DET",0,0.48467675581614
"CHA",0,0.269884537410666
"ATL",1,0.499298654329296
"ATL",1,0.659328600791212
"BOS",1,0.707280598871449
"NOP",0,0.23914570886643
"CHI",1,0.972955441831828
"CHI",1,0.969217709045806
"GSW",1,0.81598298481214
"HOU",1,0.636656754879769
"LAL",1,0.860325225802218
"BKN",0,0.452293019546837
"NYK",0,0.2959519482511
"ORL",0,0.603032073575291
"IND",0,0.265120513489599
"IND",0,0.63109418915138
"PHI",0,0.240788088933358
"CLE",1,0.810607019918131
"DAL",0,0.84441913286141
"DAL",0,0.900365954169782
"DEN",1,0.790112355212059
"LAC",1,0.841053411852784
"MIA",0,0.680181318059049
"MIN",1,0.766761549660909
"MIN",1,0.777998717812883
"NYK",0,0.295879777164571
"PHX",0,0.421146776709004
"PHX",0,0.366510263506032
"POR",0,0.416017370158822
"SAC",1,0.505755551273949
"SAS",0,0.434570556416699
"OKC",1,0.754832546103498
"TOR",1,0.465147267969024
"UTA",0,0.0771543090538152
"MEM",1,0.452584066631888
"CHA",0,0.269706059286189
"ATL",1,0.499072166508988
"ATL",1,0.659125081183924
"BOS",1,0.707092999754591
"NOP",0,0.135045756461568
"CHI",1,0.972931593119191
"CHI",1,0.969190668658564
"GSW",1,0.7236327877486
"HOU",1,0.811349765834412
"LAL",0,0.297636352091234
"MIA",0,0.68004798697909
"MIL",0,0.276070082450865
"BKN",0,0.247951972512305
"ORL",1,0.850600717860541
"IND",0,0.264938853437158
"IND",0,0.630877040130054
"TOR",0,0.351744917347445
"WAS",1,0.435668976672649
"WAS",1,0.470540461509614
"DET",0,0.484317384739509
"CHA",1,0.36430776750741
"CLE",1,0.810447429763434
"NOP",0,0.238893687415588
"DAL",0,0.844279057824804
"DAL",0,0.900270301030127
"DEN",0,0.291873351722569
"LAC",1,0.840910877443436
"MIL",0,0.275984886005887
"MIN",1,0.734596505952281
"MIN",1,0.753839050974417
"PHI",1,0.218887407531692
"PHX",1,0.225992072512228
"PHX",1,0.204381548720336
"POR",0,0.134597194470663
"SAC",0,0.0669051227880561
"SAS",0,0.434308680554879
"OKC",1,0.754635250028829
"UTA",0,0.0770803502060317
"MEM",1,0.452326620156618
"DET",1,0.628589216320599
"ATL",1,0.498812372130761
"ATL",1,0.65889155995862
"BOS",1,0.706877725835727
"CHI",1,0.440916853666209
"CHI",1,0.442851534373946
"DAL",1,0.587274372373787
"DAL",1,0.580694307198409
"DEN",1,0.798928207555135
"GSW",1,0.723414252361763
"HOU",1,0.811182493502809
"LAL",0,0.297408022133043
"MIA",0,0.679810236861952
"BKN",1,0.212771803840088
"NYK",1,0.781927052170404
"ORL",0,0.0813596328203047
"IND",0,0.264726152938211
"IND",0,0.630622598141141
"PHI",0,0.240418081344051
"PHX",0,0.420711623111608
"PHX",0,0.366095859436414
"POR",0,0.415583711463889
"SAC",0,0.529128651568303
"SAS",0,0.757977552116671
"OKC",0,0.884691915927461
"TOR",1,0.464703148874714
"UTA",0,0.0770272916217922
"MEM",1,0.731360420188553
"WAS",0,0.0929169401955027
"WAS",0,0.106769943098653
"CHA",1,0.460439050185564
"CLE",1,0.732000017600879
"NOP",1,0.317401003146001
"LAC",0,0.719556625842177
"MIL",0,0.320335591115011
"BKN",0,0.247644043206826
"IND",1,0.825973824912186
"IND",1,0.846525831122376
"WAS",0,0.0928944847365984
"WAS",0,0.106744533727246
"DET",1,0.351780102558233
"ATL",1,0.498545917025596
"ATL",1,0.65865197088899
"BOS",0,0.727279401361236
"DAL",0,0.294345651338813
"DAL",0,0.314889195290082
"DEN",0,0.39742959748512
"HOU",1,0.811031442761333
"LAC",1,0.28678603578145
"MIA",0,0.679595601678425
"MIN",1,0.766279911854966
"MIN",1,0.777533552199152
"NYK",1,0.781754348061206
"PHI",0,0.240247813859241
"PHX",0,0.420484353006741
"PHX",0,0.365879458430999
"POR",0,0.134404880472101
"SAS",1,0.14764442334461
"OKC",1,0.805636353741161
"TOR",1,0.464477796369417
"UTA",0,0.0769629083453249
"MEM",1,0.731182388026764
"CHA",0,0.14767409168869
"NOP",0,0.238506318068996
"CHI",1,0.440522786433787
"CHI",1,0.442457106444919
"GSW",1,0.723110257594663
"LAL",0,0.297096320102486
"MIL",1,0.890961014191071
"BKN",0,0.247475287703142
"ORL",1,0.850275359476629
"SAC",0,0.0667788106817261
"WAS",1,0.435053267955408
"WAS",1,0.469916507729902
"DET",0,0.679325863495921
"ATL",0,0.521063252341998
"ATL",0,0.344240423015596
"BOS",1,0.793444966982622
"CLE",1,0.810054153596194
"DAL",0,0.294151981737292
"DAL",0,0.314688036642254
"DEN",1,0.789515196775026
"HOU",1,0.810888471637333
"LAC",1,0.28659532001828
"LAL",0,0.297001733598093
"MIA",0,0.679386694478634
"MIN",1,0.734092288950234
"MIN",1,0.753359117111596
"ORL",0,0.0812143712255389
"IND",1,0.675602792865125
"IND",1,0.38446641230084
"PHI",0,0.422955057542162
"PHX",1,0.331012329010689
"PHX",1,0.533372725415002
"SAC",0,0.0667406283109713
"SAS",0,0.757625435564745
"TOR",1,0.250194806525937
"UTA",0,0.145512164434146
"MEM",0,0.448229794972053
"CHA",1,0.459982322721315
"BOS",1,0.79334450873224
"NOP",0,0.134623023989364
"CHI",0,0.0531850170606904
"CHI",0,0.045441037580789
"DEN",0,0.397059552810395
"GSW",1,0.722902142419994
"HOU",1,0.810790386366456
"MIA",0,0.255379518652684
"MIL",1,0.890857426405714
"BKN",0,0.451157935580296
"NYK",0,0.294997895624758
"IND",0,0.264233730474518
"IND",0,0.630032758529422
"SAS",1,0.147456740486377
"OKC",1,0.80540259533647
"MEM",1,0.730899477765109
"WAS",1,0.434765132579855
"WAS",1,0.469624476446292
"DET",0,0.679070409256755
"ATL",0,0.106540412959921
"ATL",0,0.0816370269637867
"CLE",0,0.737471780220336
"DAL",0,0.843795009338585
"DAL",0,0.899939670619973
"LAC",1,0.840421911697813
"LAL",1,0.859718967920396
"MIL",0,0.275250742396844
"MIN",1,0.733878982703316
"MIN",1,0.753156069334593
"BKN",1,0.212254537696351
"ORL",1,0.850071714177186
"PHI",1,0.330702299161013
"PHX",0,0.419977986732605
"PHX",0,0.365397388171605
"POR",1,0.88266211218841
"OKC",1,0.805314880983944
"TOR",0,0.400874067027332
"UTA",0,0.0768172814804504
"CHA",0,0.147419384749801
"NOP",0,0.238138716965923
"CHI",1,0.972809223426225
"CHI",1,0.969051925104154
"DEN",1,0.798354019556788
"GSW",0,0.459006875735306
"HOU",1,0.810635004932973
"LAL",1,0.859654684970944
"MIA",0,0.255181957154749
"MIN",0,0.483739959488986
"MIN",0,0.528504306188563
"NYK",1,0.774447688063213
"IND",1,0.675246465362604
"IND",1,0.384081833412352
"PHI",0,0.239766646727863
"PHX",1,0.330652496964365
"PHX",1,0.532968166935766
"POR",1,0.882604146349778
"SAC",1,0.504416744343361
"SAS",0,0.433255002467377
"TOR",0,0.40073328390264
"UTA",0,0.145306873579337
"MEM",0,0.541661090755097
"WAS",0,0.0926186807917371
"WAS",0,0.106432433739994
"DET",1,0.627574655557985
"ATL",1,0.824130413878907
"ATL",1,0.861794627790111
"BOS",1,0.705976989827931
"CLE",0,0.562516325151569
"GSW",1,0.722565752673881
"LAC",1,0.840261037097092
"MIL",0,0.319547125827648
"BKN",0,0.246969484436776
"CHA",0,0.268600110915268
"CLE",0,0.562476981047587
"NOP",1,0.390910910598082
"CHI",0,0.0530871521630121
"CHI",0,0.0453567396363955
"DAL",0,0.293610102498613
"DAL",0,0.314125162423711
"DEN",0,0.290811596907608
"HOU",1,0.635145277382597
"LAL",1,0.859538913549853
"MIA",0,0.678823447897051
"MIN",0,0.483500405583656
"MIN",0,0.528265267779372
"NYK",0,0.294582444775871
"ORL",0,0.601455504881629
"IND",1,0.825394723955665
"IND",1,0.846002369449897
"PHI",0,0.23958698604121
"PHX",1,0.330434334652653
"PHX",1,0.532722757845688
"POR",1,0.882501955656288
"SAC",1,0.504170289824395
"SAS",1,0.147185619793898
"OKC",1,0.753657057464448
"UTA",1,0.364754952851663
"MEM",0,0.541416319181083
"WAS",0,0.0925358593458411
"WAS",0,0.106338707394104
"DET",1,0.627344199554227
"CHI",1,0.972766196531922
"CHI",1,0.969003142077441
"GSW",1,0.722378760815724
"LAL",0,0.422927993303961
"MIL",1,0.651021802932882
"BKN",0,0.246796084673853
"NYK",0,0.294460643850636
"IND",1,0.825314066502673
"IND",1,0.845929454584304
"SAC",0,0.527880374630294
"TOR",0,0.400394191875517
"CHA",1,0.362883503635435
"BOS",1,0.792850428212003
"CLE",0,0.562208108659393
"NOP",0,0.134269536100902
"DAL",1,0.340787016611083
"DAL",1,0.227381542501246
"DEN",0,0.290597322352408
"HOU",1,0.63490442791163
"LAC",1,0.8400785537902
"MIA",0,0.678596841047008
"MIN",1,0.733384317597898
"MIN",1,0.752685161095328
"ORL",1,0.849752211265389
"PHI",0,0.23941226957141
"PHX",1,0.330222138618664
"PHX",1,0.532483966234044
"POR",1,0.882402452869024
"SAS",1,0.147068596553136
"OKC",1,0.753483871878386
"UTA",0,0.145068773032031
"MEM",0,0.541184760102797
"WAS",0,0.175349963715038
"WAS",0,0.198766483142972
"DET",0,0.48262057999253
"CHA",0,0.147091483328428
"ATL",1,0.497240301792601
"ATL",1,0.65747681479386
"CHI",1,0.972739359445839
"CHI",1,0.968972715031372
"GSW",0,0.278336483938075
"LAL",0,0.422680893048054
"MIL",1,0.650791727160069
"BKN",0,0.246607914775118
"NYK",1,0.774000549167702
"IND",1,0.825168040261858
"IND",1,0.845797441627493
"SAC",0,0.527628020465587
"WAS",0,0.092421809074772
"WAS",0,0.106209636222238
"ATL",1,0.497147044790892
"ATL",1,0.657392800912882
"BOS",1,0.79267532346551
"CLE",1,0.809331525648038
"NOP",0,0.134145691246235
"DEN",1,0.797864567157869
"HOU",0,0.474998416526061
"LAC",0,0.457187736376967
"MIA",1,0.152304977555498
"PHI",0,0.239242490056942
"POR",0,0.133770655584317
"SAS",1,0.116379865102192
"OKC",1,0.804779592879737
"TOR",0,0.350003156489479
"UTA",0,0.144956449315029
"DET",1,0.35040814594205
"CHA",0,0.146987885142089
"BOS",1,0.792609631012243
"NOP",1,0.316034384231017
"CHI",1,0.972717446996651
"CHI",1,0.968947871556113
"DAL",1,0.58555536349914
"DAL",1,0.578967540384855
"DEN",0,0.395975618731213
"LAL",0,0.295940223067216
"MIL",0,0.318933301159936
"MIN",0,0.349719228318511
"MIN",0,0.39679017747985
"BKN",0,0.45003654944704
"ORL",1,0.426181685522417
"IND",1,0.825033457311576
"IND",1,0.845675768933441
"PHI",0,0.239130965611046
"PHX",1,0.329880412612249
"PHX",1,0.532099215159048
"SAC",0,0.527375652181586
"TOR",1,0.249241276294426
"WAS",0,0.17513814785173
"WAS",0,0.198533190910977
"ATL",0,0.106107466846521
"ATL",0,0.0812960720816933
"CLE",1,0.80917522814433
"DAL",0,0.292969448939747
"DAL",0,0.313459609052975
"GSW",0,0.278047557579209
"HOU",1,0.810012501326408
"MIA",1,0.152174296838688
"NYK",1,0.773753422496496
"ORL",1,0.849496886903054
"POR",0,0.133650285060639
"SAC",0,0.527276029263562
"SAS",0,0.432306553758532
"OKC",1,0.804612086903426
"UTA",0,0.144827696353555
"MEM",1,0.450307551410174
"DET",1,0.35016557846973
"CHA",0,0.267894020826598
"BOS",1,0.792434376006473
"DEN",1,0.788503835374542
"LAC",1,0.285360236157783
"LAL",1,0.580996826904556
"MIL",0,0.31872497507943
"BKN",0,0.44981233276037
"NYK",0,0.398398339847086
"IND",0,0.43066090332561
"IND",0,0.462493047054869
"PHI",0,0.42148600737386
"PHX",0,0.851013088358526
"PHX",0,0.598589886756486
"TOR",1,0.249076776407594
"WAS",1,0.433423267682895
"WAS",1,0.468264153536572
"ATL",0,0.106024094531366
"ATL",0,0.0812304233606405
"CLE",1,0.730460416987079
"CHI",1,0.43880291055705
"CHI",1,0.440735627774973
"DAL",1,0.585193199759028
"DAL",1,0.578603762741698
"HOU",1,0.634218563940252
"LAL",0,0.295629412092324
"MIA",1,0.152054014426941
"ORL",0,0.600516221140748
"IND",1,0.674170412638584
"IND",1,0.38292267158724
"POR",0,0.413546630379634
"SAC",1,0.503211097287473
"SAS",0,0.432071153435611
"OKC",1,0.752943997857929
"UTA",0,0.144708931793001
"MEM",0,0.54046350545603
"WAS",0,0.174930379312245
"WAS",0,0.198304340818279
"CLE",0,0.561355345524972
"NOP",0,0.237144284391536
"DEN",1,0.788339376002716
"GSW",1,0.814324831723125
"LAC",1,0.285153794706199
"MIL",0,0.274066972322999
"MIN",1,0.73271689673577
"MIN",1,0.752049721008098
"BKN",0,0.449555168143118
"NYK",1,0.780382867455448
"PHX",0,0.418537715550889
"PHX",0,0.364026820660144
"TOR",1,0.462509902644838
"UTA",0,0.076402595743714
"DET",1,0.349850356577279
"CHA",0,0.146680788001974
"BOS",1,0.792206381121007
"CHI",0,0.437861820437101
"CHI",0,0.392197346788867
"DAL",1,0.584966800633887
"DAL",1,0.578376358351937
"LAL",1,0.580646508897799
"MIA",1,0.523101658668972
"BKN",1,0.347254458881135
"ORL",1,0.425608356954943
"IND",0,0.262899380098883
"IND",0,0.628428922807441
"PHI",0,0.421135199978094
"SAC",0,0.0662807203008313
"SAS",0,0.756262607514281
"OKC",1,0.752770475418422
"MEM",0,0.446405067812964
"WAS",0,0.174799661753539
"WAS",0,0.198160351909375
"ATL",1,0.823302414918198
"ATL",1,0.861114069590495
"CLE",1,0.730171777567854
"NOP",1,0.315389658467418
"GSW",1,0.814183781450058
"HOU",1,0.633890887044009
"LAC",0,0.717665441327554
"MIL",0,0.273876167784914
"MIN",1,0.732528993514572
"MIN",1,0.751870806431438
"NYK",1,0.773333335543644
"PHI",0,0.421018281853447
"PHX",0,0.850769679507708
"PHX",0,0.598128824802151
"POR",0,0.413184790038467
"SAS",0,0.756164362351997
"TOR",1,0.248708161735992
"DET",0,0.481556120299547
"CHA",0,0.146557431433321
"BOS",1,0.792044041529205
"CHI",0,0.0527892467805978
"CHI",0,0.0451001483190751
"DAL",0,0.842816175078664
"DAL",0,0.899270658868714
"HOU",0,0.516969330332429
"LAC",1,0.284855156925539
"LAL",1,0.858819992756842
"MIA",1,0.522842411519538
"BKN",1,0.347018946106455
"ORL",0,0.600043104044162
"IND",1,0.824544427974577
"IND",1,0.845233611711907
"SAC",0,0.0662180843736554
"OKC",1,0.752586948434339
"UTA",0,0.0762992456214119
"MEM",0,0.446154855716907
"WAS",0,0.174653656779419
"WAS",0,0.197999516293155
"CHA",1,0.361627708805725
"ATL",0,0.518788667386807
"ATL",0,0.342186232615908
"CHI",1,0.43819277144317
"CHI",1,0.440124908889895
"DEN",0,0.395039157371538
"GSW",1,0.81402247989427
"MIL",1,0.890038651403255
"MIN",1,0.76449040837576
"MIN",1,0.775805003731642
"NYK",1,0.773155800029069
"ORL",1,0.849060308847363
"PHI",0,0.23842869778616
"PHX",0,0.418051449825332
"PHX",0,0.363564288012139
"POR",1,0.203719111759561
"SAS",0,0.755972707126355
"TOR",0,0.398974884095733
"MEM",0,0.446016592307585
"ATL",0,0.105741564347703
"ATL",0,0.0810079757767795
"BOS",0,0.725192143840045
"CLE",1,0.729867183161869
"NOP",0,0.133577247766456
"DAL",1,0.339447432145957
"DAL",1,0.226334683931436
"DEN",0,0.394905439863333
"HOU",1,0.809408986014156
"LAC",1,0.839275059400896
"MIA",1,0.522576504223091
"NYK",0,0.293139336261264
"IND",1,0.824394037830352
"IND",1,0.845097623614706
"SAC",0,0.0661538573199907
"SAS",1,0.115865710534746
"OKC",1,0.752388438036808
"UTA",0,0.0762241624688099
"WAS",1,0.348658920784816
"WAS",1,0.381045221386212
"DET",0,0.48115699055195
"CHA",0,0.146357576415835
"GSW",1,0.813881252432038
"LAL",0,0.421277061605134
"MIA",0,0.677212137759639
"MIL",1,0.649476529640255
"MIN",1,0.764312857558109
"MIN",1,0.77563347954287
"BKN",0,0.448823386096355
"ORL",1,0.848933916653082
"PHI",0,0.420524725350185
"POR",1,0.203567869491422
"TOR",0,0.348773587063384
"MEM",1,0.4492326978803
"WAS",0,0.174442504102854
"WAS",0,0.197766902058295
"BOS",1,0.70428723382092
"CLE",1,0.808433541308641
"NOP",0,0.133472432590452
"CHI",1,0.43783202430548
"CHI",1,0.43976381620871
"DAL",0,0.291960429285751
"DAL",0,0.312411201497796
"DEN",0,0.289171210629173
"GSW",1,0.720901481215926
"HOU",1,0.809256850111147
"LAC",1,0.839142025704734
"LAL",1,0.858567806811916
"IND",1,0.824255126133884
"IND",1,0.844972009539696
"PHX",0,0.417688475208766
"PHX",0,0.363219094690646
"POR",0,0.412571168325667
"SAC",1,0.957481192926594
"SAS",0,0.755692412190126
"OKC",0,0.788612383342512
"TOR",0,0.34862835185568
"UTA",0,0.0761491471115112
"DET",1,0.625517200756122
"CHA",0,0.26691790177819
"ATL",0,0.518269789909938
"ATL",0,0.341718557135428
"DAL",0,0.291844770843113
"DAL",0,0.312291014862807
"LAC",1,0.839077274433567
"MIA",0,0.676973281340858
"MIL",1,0.649227780040815
"MIN",1,0.764116003950031
"MIN",1,0.775443303286007
"NYK",1,0.779692520198406
"PHI",0,0.420265022511644
"MEM",1,0.448982186286006
"DET",0,0.676807306870666
"ATL",1,0.495435154625011
"ATL",1,0.65584879740866
"BOS",1,0.704070760813121
"CLE",0,0.735454890108335
"NOP",0,0.236340221116159
"CHI",1,0.972545087634331
"CHI",1,0.968752462665139
"DEN",0,0.39444073480066
"GSW",0,0.456539891493099
"HOU",1,0.633061868701671
"LAL",1,0.579653500758629
"MIL",1,0.649118547268954
"BKN",0,0.44844769200579
"NYK",1,0.772711531495196
"IND",1,0.673069067812213
"IND",1,0.381739684331345
"PHX",0,0.417435741956528
"PHX",0,0.36297877540084
"POR",1,0.881575983532676
"SAC",1,0.957438866705766
"SAS",0,0.430829273439596
"OKC",0,0.8833121111877
"TOR",1,0.24803165998545
"UTA",0,0.076076072365306
"WAS",0,0.0917912333368382
"WAS",0,0.105495923649601
"CHA",0,0.266709400137427
"MIA",1,0.151357914571137
"PHI",0,0.237906550704405
"SAC",1,0.957428007345046
"DET",0,0.676626598296381
"ATL",0,0.105479809522963
"ATL",0,0.0808019148219345
"BOS",1,0.791411343219758
"CLE",1,0.729320471844119
"NOP",0,0.133256855722584
"CHI",0,0.0525950613850114
"CHI",0,0.0449329055664612
"GSW",1,0.813521758596954
"LAC",1,0.838904501388387
"LAL",0,0.2944268110823
"MIL",1,0.889709636758829
"MIN",0,0.348066757723256
"MIN",0,0.395050410027573
"BKN",1,0.210376088157159
"NYK",0,0.396872991080343
"ORL",1,0.42439720869334
"IND",1,0.823977043400927
"IND",1,0.84472053187865
"PHX",0,0.850203843839254
"PHX",0,0.597058750070197
"SAS",0,0.430626733021315
"OKC",1,0.751846955094031
"MEM",1,0.448619649585182
"WAS",0,0.0917246150405833
"WAS",0,0.105420513572339
"CHA",0,0.2665530919322
"BOS",0,0.542829424024436
"CHI",1,0.437228739841111
"CHI",1,0.439159949316258
"DAL",0,0.842222234031108
"DAL",0,0.898864441041375
"DEN",1,0.796511842197236
"GSW",0,0.456176304414235
"HOU",0,0.515838107570053
"LAC",1,0.838810853427177
"LAL",1,0.579289885120814
"MIA",0,0.253015420041125
"ORL",1,0.424254014331539
"PHI",1,0.328077231515516
"PHX",0,0.850132565886711
"PHX",0,0.596924124128554
"POR",0,0.411970727981406
"SAC",0,0.525416011274981
"SAS",1,0.115505888827774
"OKC",1,0.803436498029004
"TOR",1,0.460999985219096
"UTA",1,0.362356634083827
"WAS",0,0.173993994573563
"WAS",0,0.197272753227039
"CHA",0,0.145918690229592
"ATL",1,0.822483028939879
"ATL",1,0.860440302235492
"CLE",0,0.559734100773929
"NOP",0,0.133106127292247
"MIL",1,0.889594539746776
"MIN",1,0.763673870120563
"MIN",1,0.775016149655608
"BKN",0,0.44794685813362
"NYK",0,0.29230632658119
"IND",1,0.82381080124635
"IND",1,0.84457018509338
"MEM",0,0.444923948643977
"DET",1,0.348379042209423
"ATL",1,0.82243244813042
"ATL",1,0.860398701076895
"BOS",1,0.703548628057092
"CLE",1,0.807884105408518
"NOP",0,0.235888463419678
"CHI",1,0.436959944503868
"CHI",1,0.438890892634742
"DAL",1,0.338438460191883
"DAL",1,0.225547126154707
"DEN",1,0.787158757549565
"GSW",1,0.813254822215619
"HOU",0,0.515565258523155
"LAC",1,0.283711221542889
"LAL",1,0.858136929758319
"MIA",1,0.521439608086634
"MIL",1,0.648523561622105
"MIN",1,0.731316051772474
"MIN",1,0.750715727924091
"BKN",0,0.244751229749471
"NYK",0,0.396439365335456
"ORL",1,0.84839320859555
"IND",0,0.428649798288479
"IND",0,0.460453512822237
"PHI",0,0.41948617936447
"PHX",1,0.327869068952713
"PHX",1,0.529829749400958
"POR",0,0.13264155958315
"SAC",0,0.525097078781821
"SAS",0,0.430162937691978
"OKC",1,0.803234432942134
"TOR",0,0.39770406204661
"UTA",0,0.143745327352843
"MEM",0,0.538523887932376
"WAS",0,0.0915626920584262
"WAS",0,0.105237214327869
"DET",0,0.676049143773414
"CHA",0,0.145752730643471
"ATL",1,0.494562595570542
"ATL",1,0.655060505114534
"BOS",1,0.703342961573805
"CLE",0,0.734775200231367
"NOP",0,0.23571080771217
"CHI",1,0.972451731106777
"CHI",1,0.968646625611915
"DAL",0,0.291024920833019
"DAL",0,0.311438987705005
"DEN",1,0.79617477178612
"GSW",0,0.455660751996399
"HOU",0,0.472387729826792
"LAC",1,0.283510912369484
"LAL",0,0.293851460924036
"MIA",0,0.676081124234914
"MIL",1,0.889434799412922
"MIN",1,0.73112228707433
"MIN",1,0.750531181119276
"BKN",0,0.447544949381035
"NYK",1,0.778986855269096
"ORL",0,0.0800862817779561
"IND",1,0.672259416920679
"IND",1,0.380872212161226
"PHI",0,0.419246116754135
"PHX",0,0.41653532830191
"PHX",0,0.362122810061614
"POR",1,0.881188765893384
"SAC",1,0.501019531436064
"SAS",1,0.145610638071006
"OKC",1,0.803078567423549
"TOR",0,0.397467929995819
"UTA",0,0.075816149591098
"MEM",1,0.727975633266718
"WAS",1,0.431128008891365
"WAS",1,0.465936121219963
"DET",0,0.479700374847842
"CHA",0,0.145630021358865
