"TEAM_ABBREVIATION","WL_num","svm_prob"
"BOS",1,0.998922524532658
"LAL",1,0.999615295322956
"MIN",0,0.000805176133969256
"MIN",0,6.9556026489096e-05
"NYK",0,0.000908789284221993
"ATL",1,0.916531031451849
"ATL",1,0.958504086601557
"CLE",1,0.996580979279756
"NOP",1,0.987359303665934
"CHI",0,0.00090724304796016
"CHI",0,0.00080498994684087
"GSW",1,0.987757585543664
"HOU",0,0.000138080967937777
"LAC",0,3.56873107007707e-05
"MIA",0,0.00225753872603994
"MIL",1,0.976971795999005
"BKN",0,4.95786997024373e-05
"ORL",1,0.985328347048851
"IND",1,0.98334680824415
"IND",1,0.987335449878277
"PHI",0,0.000734950696052216
"PHX",1,0.987396222879612
"PHX",1,0.999781539337107
"POR",0,0.0010800729755789
"TOR",0,0.00080506137367868
"UTA",0,0.000304863037671191
"MEM",1,0.992270602454144
"DET",0,0.00054637987625498
"CHA",1,0.998362777767189
"BOS",1,0.997605664982689
"DAL",1,0.98684678032189
"DAL",1,0.986370607999934
"DEN",0,0.000368397967768323
"MIN",1,0.987372573229185
"MIN",1,0.999255677257838
"SAC",0,0.00154858272386513
"SAS",0,0.000161753490923155
"OKC",1,0.987389646865222
"WAS",0,0.000805892689443098
"WAS",0,0.000546989157095039
"ATL",1,0.916674906351294
"ATL",1,0.958403896714517
"CLE",1,0.999104585227422
"NOP",1,0.997015552079189
"CHI",1,0.985946736726499
"CHI",1,0.987391559020717
"GSW",1,0.987941972384415
"HOU",1,0.998549103130229
"LAL",1,0.999628716967198
"MIL",0,1.86827235245122e-05
"BKN",0,4.82490948128425e-05
"NYK",1,0.996324384973929
"ORL",1,0.988807246333545
"IND",0,0.000833563734377919
"IND",0,0.000549725823839375
"PHI",0,2.75582019913385e-05
"PHX",0,0.000806011099151177
"PHX",0,0.000343060584419383
"POR",0,0.00106000282527111
"TOR",1,0.989001028199438
"UTA",0,0.000299624571374578
"MEM",0,0.000727281251189083
"DET",0,0.00100889620666125
"CHA",0,8.2025068224274e-05
"BOS",1,0.99765947451412
"CLE",1,0.996710387248581
"CHI",0,0.000804313930618822
"CHI",0,0.000939827839738341
"DAL",0,0.000946226017380002
"DAL",0,0.000983168780187669
"DEN",0,0.000358157324465864
"HOU",0,0.000806747652410494
"LAC",1,0.987246040580594
"LAL",1,0.999635503806102
"MIA",1,0.999176241705289
"MIN",1,0.998883173602665
"MIN",1,0.999977882215101
"ORL",0,0.000964433457588003
"PHX",1,0.986300563369512
"PHX",1,0.986989298467541
"SAC",0,0.000805916558344682
"SAS",1,0.952518232537044
"OKC",1,0.987652615891928
"TOR",0,7.48794680526863e-06
"MEM",1,0.999349521855909
"WAS",0,0.000785962417524809
"WAS",0,0.000534604266332018
"DET",0,0.000520970535107666
"CHA",0,0.00080685729933375
"ATL",0,0.000917265072379014
"ATL",0,0.000804801756193454
"NOP",0,0.000137502065151889
"GSW",0,9.78694129169223e-05
"LAC",1,0.987359950873349
"MIL",0,0.000860565259487217
"BKN",1,0.993274204180727
"IND",0,4.8744517608306e-06
"IND",0,7.96093005723567e-06
"PHI",1,0.998946939429146
"POR",1,0.984261443535603
"OKC",1,0.989597874782252
"ATL",0,0.647881176525546
"ATL",0,0.547788585178015
"BOS",1,0.998992551741795
"CLE",1,0.996792444145507
"CHI",1,0.986276956779366
"CHI",1,0.987607306010803
"DAL",1,0.98707790008612
"DAL",1,0.986585877223762
"DEN",1,0.987335064064897
"HOU",1,0.98733414601947
"LAL",0,0.000806433504842526
"MIA",1,0.987028306683498
"MIL",0,0.000855053910260711
"NYK",0,0.000272352382245489
"ORL",1,0.988507165094273
"IND",0,0.00080372085564435
"IND",0,0.000527878337521532
"PHX",1,0.986402667967792
"PHX",1,0.987076788077091
"POR",0,5.95255955807759e-06
"SAC",1,0.974790318979859
"SAS",0,0.254152596505101
"TOR",0,0.000765152654180828
"UTA",0,7.21538462775119e-05
"MEM",0,0.000176794228698384
"WAS",1,0.99447663953761
"WAS",1,0.997498859099844
"DET",0,0.000975990275772772
"NOP",0,0.000134122740859646
"DAL",1,0.985801183626278
"DAL",1,0.985929198594663
"DEN",1,0.987472063527902
"GSW",1,0.999676114357673
"MIN",0,0.000163605769621779
"MIN",0,6.77969053042002e-06
"BKN",0,0.000806260744472877
"SAC",1,0.987373111782148
"UTA",0,0.000288770385970984
"ATL",0,0.000889920245885308
"ATL",0,0.000783853394934479
"BOS",0,0.000102365170079092
"CLE",1,0.999164226028517
"NOP",0,0.000132918700086353
"CHI",1,0.99097300099202
"CHI",1,0.985005154455467
"GSW",1,0.999678366719581
"LAC",0,3.07962232459586e-05
"LAL",0,0.000789532920953558
"MIA",0,0.00202650966954026
"BKN",1,0.999525525743089
"NYK",1,0.987183476327086
"ORL",0,0.000931369816145244
"IND",1,0.999931605874713
"IND",1,0.999941645954887
"PHI",0,0.000685034330478991
"POR",1,0.999680933891064
"SAS",0,0.000140994617647808
"OKC",1,0.989852090023036
"TOR",0,7.04254557927379e-06
"MEM",0,0.000171776970876756
"WAS",1,0.987349194570698
"WAS",1,0.992078985510512
"DET",1,0.984140447786673
"CHA",1,0.988986563968709
"DAL",0,0.00180323888423601
"DAL",0,0.00154411404586577
"HOU",1,0.987658603272027
"LAC",0,3.01192169307186e-05
"MIL",0,0.000839631709523105
"PHX",1,0.987757641110326
"PHX",1,0.999801634746486
"SAS",1,0.999336492823923
"UTA",0,0.000284251173972516
"MEM",1,0.999386835301821
"ATL",0,0.645686240794355
"ATL",0,0.541173412898699
"BOS",1,0.997817955180748
"CLE",1,0.999183798051069
"NOP",1,0.988131405400573
"CHI",0,0.000837056273052424
"CHI",0,0.000723221591036157
"DEN",0,0.000805157760998472
"LAL",1,0.98734076768911
"MIN",1,0.998945359670453
"MIN",1,0.999979812196369
"BKN",1,0.993490380735241
"NYK",1,0.987388362176556
"ORL",0,0.0009166389486367
"IND",0,0.000772091502544876
"IND",0,0.000504597939628936
"POR",0,0.000990929632933481
"SAC",1,0.987688137380521
"OKC",1,0.988249383822655
"TOR",0,0.000739213471188543
"DET",0,0.000479736728778787
"CHA",0,0.000761655640043505
"BOS",1,0.99784372613297
"CLE",1,0.99697494088428
"DEN",1,0.997750566360901
"GSW",1,0.988674745032921
"HOU",0,0.000118118365182569
"LAC",0,2.90694549841525e-05
"MIA",1,0.999234198964367
"MIL",0,1.64651335124627e-05
"MIN",0,0.000711562209312833
"MIN",0,5.82726787658266e-05
"PHI",0,0.000667833132652201
"PHX",1,0.986617876984795
"PHX",1,0.987250201357456
"POR",0,5.56455502202943e-06
"SAC",0,0.000761095462684711
"SAS",1,0.948662187400567
"OKC",1,0.988349424182817
"TOR",1,0.9895131059381
"UTA",0,6.85788125614038e-05
"MEM",1,0.993044062162856
"WAS",0,0.000365636298727223
"WAS",0,0.000134746264798777
"CHA",0,0.000752741344722112
"ATL",1,0.986514700674049
"ATL",1,0.989020895994479
"NOP",0,0.000805504632734517
"DAL",1,0.987383523164292
"DAL",1,0.986876892439388
"BKN",0,0.000769536839985157
"ORL",0,0.000901858157979075
"DET",1,0.984574068198317
"ATL",0,0.64413657213612
"ATL",0,0.536382734441414
"BOS",1,0.997884838625203
"CLE",1,0.999210918224437
"NOP",0,0.000801478980601071
"CHI",0,0.000726991579476761
"CHI",0,0.000860292482303517
"DAL",0,0.00169627501880335
"DAL",0,0.00145362287134247
"DEN",1,0.997794021630441
"GSW",1,0.988837005053595
"HOU",1,0.99869707908458
"LAC",1,0.999901148986565
"LAL",0,0.000750162224275278
"MIA",0,0.00188598873954546
"MIL",0,0.000821073770721196
"MIN",1,0.998975938177718
"MIN",1,0.999980736465962
"BKN",1,0.99362073867546
"NYK",0,0.000803442143643949
"ORL",0,0.00089365204607494
"IND",1,0.984827158601569
"IND",1,0.988708709419982
"PHI",0,2.41469873131757e-05
"PHX",1,0.986715996600244
"PHX",1,0.98732342309579
"POR",1,0.999706191881033
"SAC",1,0.988025777674899
"SAS",0,0.00012648643844854
"OKC",1,0.990248677406822
"TOR",0,6.53512592101465e-06
"UTA",1,0.998355727774509
"MEM",0,0.00064991964094557
"WAS",0,0.000720283667545693
"WAS",0,0.000494156594665147
"DET",1,0.997157460257842
"CHA",0,7.17966558341165e-05
"ATL",1,0.917419497797223
"ATL",1,0.957488780323222
"BOS",0,5.34383676807517e-05
"CLE",1,0.997097801605262
"NOP",0,0.000786978068856576
"CHI",0,0.000805374826400192
"CHI",0,0.000686779523230085
"DAL",1,0.98749787573994
"DAL",1,0.986988300233535
"DEN",1,0.997834311576966
"GSW",1,0.988988340522863
"HOU",1,0.998721417645913
"LAC",1,0.999903476767667
"LAL",0,0.000735670543109696
"MIA",0,8.07822363153772e-05
"NYK",0,0.00079126818981152
"ORL",0,0.000881813640584599
"IND",1,0.999938327906812
"IND",1,0.999947279572902
"PHI",0,2.36633222412408e-05
"PHX",1,0.98678661761253
"PHX",1,0.987373452389377
"SAC",1,0.97570601757882
"SAS",0,0.000122217437132781
"OKC",0,0.000806608759416873
"TOR",0,6.38707118272104e-06
"MEM",1,0.99942891961475
"DET",0,0.000904348603504307
"CHA",1,0.989387017133005
"CHI",0,0.000702353165752549
"CHI",0,0.000835544216980544
"MIL",1,0.999726051969672
"MIN",1,0.988582071484715
"MIN",1,0.99937748243467
"POR",0,5.23216077112833e-06
"SAS",1,0.945764178120549
"UTA",0,6.55999565410036e-05
"ATL",0,0.000811686993180606
"ATL",0,0.000723522022245841
"BOS",1,0.999104044360173
"CLE",1,0.99924561857608
"NOP",0,0.000120397588824761
"DAL",0,0.00159596984713003
"DAL",0,0.00136927105618848
"DEN",1,0.997870652896837
"GSW",0,0.000806107883568905
"HOU",0,0.000710844863747626
"LAC",1,0.988407656570524
"LAL",1,0.999689750292019
"MIA",0,7.87495980002042e-05
"MIL",0,0.000804924816071619
"MIN",1,0.999009477144364
"MIN",1,0.999981730982155
"BKN",0,3.96951893705179e-05
"NYK",1,0.996806338312819
"ORL",1,0.98737162414945
"IND",0,0.000722254370087519
"IND",0,0.000467548388217944
"PHI",0,2.31218275729627e-05
"PHX",1,0.988070164183084
"PHX",1,0.999818271699594
"POR",0,5.14049031485502e-06
"SAC",0,0.00129557896807509
"OKC",1,0.990505775065809
"MEM",1,0.999441169679043
"WAS",0,0.00034434246157808
"WAS",0,0.000127381720436076
"DET",1,0.997233981757275
"CHA",1,0.989498763503472
"ATL",0,0.641105574466547
"ATL",0,0.526688483963923
"CLE",1,0.999259124231627
"CHI",1,0.98735312053181
"CHI",1,0.988316367763045
"LAC",1,0.99990709333894
"BKN",0,3.91250182592961e-05
"SAS",0,0.215042745232132
"TOR",0,6.161759432001e-06
"UTA",1,0.998444947020039
"BOS",1,0.998014133521493
"DAL",0,0.000832192654645492
"DAL",0,0.000841808614818707
"DEN",1,0.997908227963846
"GSW",1,0.989268353585319
"HOU",1,0.98856435415361
"LAL",1,0.99969656487257
"MIA",1,0.99928883627311
"MIL",0,1.47858530498202e-05
"MIN",0,0.000137816582421531
"MIN",0,5.23942451278159e-06
"NYK",0,0.000765308798054337
"ORL",1,0.98714523462065
"IND",1,0.999941689677544
"IND",1,0.99995006725766
"PHI",1,0.988467149367467
"PHX",0,0.00135949342581556
"PHX",0,0.48746933987597
"POR",0,0.000917252596199012
"SAC",1,0.988550353138627
"OKC",0,0.000806344863676665
"TOR",0,6.06785100466816e-06
"MEM",1,0.993546601135527
"WAS",0,0.000337998163542823
"WAS",0,0.000125213495607624
"DET",0,0.000423960224279235
"CHA",0,6.74398593866856e-05
"CLE",1,0.99726016864024
"NOP",0,0.000749735385992916
"CHI",0,0.000673031053935403
"CHI",0,0.000806598874954709
"HOU",1,0.998780622318386
"LAC",0,0.000814607351334803
"BKN",1,0.999586656570513
"SAC",0,0.000713000667245623
"SAS",1,0.942934001541466
"OKC",1,0.990680382400992
"WAS",0,0.000335674179799198
"WAS",0,0.000124422721554039
"ATL",1,0.987043534764657
"ATL",1,0.989539603164713
"BOS",0,4.88223260942317e-05
"DAL",0,0.000818290097443706
"DAL",0,0.000824695070521135
"GSW",1,0.999712989409763
"MIA",0,7.46958867145437e-05
"MIL",1,0.999745531901165
"MIN",0,0.000644544109744952
"MIN",0,5.04818700956347e-05
"NYK",1,0.988412973590832
"ORL",1,0.986896926264414
"PHI",0,0.000614041507851962
"PHX",1,0.988196342942379
"PHX",1,0.999824807708472
"POR",1,0.985858769113673
"TOR",0,5.93518281664394e-06
"UTA",0,0.000259716368703785
"DET",1,0.997303161942567
"CHA",0,6.62477186433698e-05
"BOS",1,0.998073834089776
"CLE",1,0.99730787230583
"NOP",0,0.000114008472007567
"CHI",1,0.98762274122395
"CHI",1,0.988495636918615
"HOU",1,0.998798547239827
"LAC",0,0.000800420863943381
"LAL",1,0.999706850645579
"MIL",1,0.999749528735696
"MIN",0,0.000637958029695348
"MIN",0,4.97286256108437e-05
"BKN",0,0.000703167869828914
"NYK",0,0.000227455142232881
"ORL",1,0.986748680433759
"IND",0,0.000691411449388726
"IND",0,0.000444282972948614
"PHI",0,0.000608051511593691
"PHX",0,0.000647680149510594
"PHX",0,0.0002705449776039
"POR",1,0.985966755763253
"SAC",1,0.976285780063942
"SAS",1,0.941219491779997
"OKC",1,0.990822517169899
"MEM",0,0.000598635638304877
"WAS",0,0.000328325182241982
"WAS",0,0.000121935549501532
"DET",0,0.000854473236158041
"DAL",0,0.000804140953941897
"DAL",0,0.000807299721648609
"UTA",1,0.994823965010435
"ATL",1,0.917790344429578
"ATL",1,0.956496764263112
"CLE",1,0.999298481114254
"NOP",1,0.989042042436898
"CHI",0,0.000755133038845273
"CHI",0,0.000629556555383514
"DEN",0,0.000711532271331561
"GSW",1,0.99971879980248
"HOU",1,0.998815614291759
"LAC",0,0.000786825719560007
"LAL",1,0.98864499073227
"MIA",1,0.999317476649753
"MIN",1,0.989118901822416
"MIN",1,0.999428817717621
"BKN",0,3.65931433952149e-05
"NYK",1,0.996985633297976
"ORL",1,0.986519998809645
"IND",0,3.39634470734797e-06
"IND",0,5.45269711080575e-06
"PHI",0,2.15456011218937e-05
"PHX",0,0.000636693058646202
"PHX",0,0.000265409714844402
"SAC",0,0.00120739823996456
"SAS",0,0.196227809470914
"OKC",1,0.990918680843872
"TOR",0,0.000660091398461506
"MEM",0,0.00058970327524407
"WAS",0,0.000323316322560672
"WAS",0,0.000120253215847847
"DET",1,0.985913491551234
"BOS",1,0.999172396136721
"NOP",0,0.000720103095249012
"DAL",1,0.987867649263867
"DAL",1,0.987364307190066
"LAL",1,0.988746538951746
"MIL",0,0.000776507046348386
"SAC",1,0.976448764061369
"SAS",0,0.000101295390877035
"TOR",0,5.67715726990294e-06
"UTA",0,6.0699539098885e-05
"CHA",1,0.98984628850191
"ATL",0,0.000745092368004471
"ATL",0,0.000671652398442948
"CLE",1,0.99931319982045
"CHI",0,0.000638544963672417
"CHI",0,0.000773468233143091
"DAL",1,0.987017650225657
"DAL",1,0.987025935244924
"DEN",0,0.000698899964658512
"HOU",1,0.989112464450952
"LAC",1,0.999914250159664
"MIA",0,7.01052641759937e-05
"MIN",1,0.999075909870448
"MIN",1,0.99998363949623
"BKN",0,3.57426791776937e-05
"NYK",1,0.997035172982236
"IND",1,0.999946770441024
"IND",1,0.999954229305244
"PHX",0,0.000624635932689281
"PHX",0,0.000259748774206876
"POR",1,0.986270126600323
"OKC",0,0.00075650149258034
"UTA",0,6.01350262349786e-05
"MEM",1,0.999487696709778
"WAS",0,0.000651580057709052
"WAS",0,0.000452815522899325
"DET",1,0.98609109213679
"CHA",0,6.29221835255151e-05
"ATL",1,0.987374105240729
"ATL",1,0.989854960550346
"CHI",1,0.98796600931415
"CHI",1,0.988724978980064
"GSW",0,0.000721581560472941
"HOU",0,0.000651108982619379
"LAC",1,0.999915288846543
"MIA",1,0.987379607573486
"MIL",1,0.999766624969537
"NYK",1,0.99706126503419
"ORL",1,0.986883417249903
"IND",0,0.000664948007085631
"IND",0,0.000423997962419852
"PHI",0,2.08956617337241e-05
"PHX",0,0.0012043368968987
"PHX",0,0.474956136782728
"SAC",0,0.00116896040266755
"TOR",1,0.990275155630236
"WAS",0,0.000314886352439822
"WAS",0,0.000117448981718161
"DET",0,0.000384339787468561
"BOS",1,0.999193918851966
"CLE",0,7.24090370101408e-05
"NOP",0,0.000107388514697073
"DAL",1,0.987957457092977
"DAL",1,0.987461689234543
"DEN",1,0.989346854534074
"LAL",1,0.999724536435957
"BKN",1,0.99411756000228
"SAS",1,0.936868504404018
"OKC",0,0.000722316905648321
"UTA",0,5.92706605470988e-05
"MEM",0,0.00013091284675469
"CHA",0,6.1876511488157e-05
"ATL",0,0.00072494175371128
"ATL",0,0.0006558541318218
"CLE",1,0.999333504240042
"NOP",0,0.000106679900013523
"CHI",0,0.000729428817971163
"CHI",0,0.000600516949419677
"GSW",1,0.999728634673247
"HOU",1,0.99886278533556
"LAC",1,0.999916770556551
"MIL",1,0.999772151114291
"NYK",1,0.989023094442706
"ORL",0,0.000805643380406252
"IND",0,0.000656151918316957
"IND",0,0.000417162870717168
"PHI",0,2.05571646951471e-05
"PHX",0,0.00117389451022241
"PHX",0,0.472121173261082
"POR",0,4.51776414411288e-06
"OKC",1,0.991183630911658
"MEM",1,0.999501319746344
"LAL",0,4.76713498938615e-05
"MIN",0,0.000597591354348375
"MIN",0,4.51550628541869e-05
"ORL",1,0.986993006214199
"SAS",1,0.935598029989567
"TOR",1,0.990357604486608
"UTA",0,5.8629937780337e-05
"DET",0,0.000813773064972897
"CHA",1,0.990035607349943
"ATL",0,0.000715949670104509
"ATL",0,0.000648787697433845
"BOS",1,0.998215921148616
"NOP",0,0.000690665695319748
"CHI",1,0.991851272625127
"CHI",1,0.986524256195943
"DAL",1,0.987254190008647
"DAL",1,0.987248501314311
"DEN",0,0.000260411985838734
"GSW",1,0.989988004464926
"HOU",1,0.998876214682967
"LAC",1,0.99991801328589
"MIL",1,0.999776955450199
"BKN",0,3.40032983321043e-05
"IND",0,0.000648771460912696
"IND",0,0.000411381898852851
"PHI",1,0.989007131511244
"POR",0,4.4545218080801e-06
"SAC",0,0.000666344562766071
"WAS",0,0.000631328431125371
"WAS",0,0.00044096528735708
"CHI",0,0.000607253425817315
"CHI",0,0.000744588003577283
"DEN",1,0.989561792203264
"GSW",0,0.000691534958472919
"HOU",0,9.01779754879841e-05
"LAL",0,4.65016557901723e-05
"MIL",1,0.999779128737341
"NYK",0,0.000697473979591027
"ORL",1,0.985429000593026
"POR",1,0.999771516994363
"SAS",1,0.933970844730425
"UTA",1,0.995209991573901
"MEM",1,0.994163693687767
"DET",0,0.000803965910403361
"CHA",0,6.00221395642739e-05
"BOS",1,0.999219478032763
"CLE",1,0.999352871126612
"DAL",0,0.00075599511019918
"DAL",0,0.000748218687331766
"LAC",1,0.989454845560799
"MIA",1,0.987361704595061
"MIN",0,0.000585410905367815
"MIN",0,4.37875952162607e-05
"BKN",1,0.999631909415627
"IND",1,0.999950588045394
"IND",1,0.999957299938682
"PHI",0,0.000566531515732821
"SAC",0,0.00111502886113684
"TOR",0,5.25064557234005e-06
"WAS",0,0.000302651592237479
"WAS",0,0.000113453585774831
"ATL",0,0.633631220585968
"ATL",0,0.500410147189871
"BOS",1,0.999224930174399
"NOP",0,0.000102850353169886
"DAL",1,0.987371118853313
"DAL",1,0.987360521117024
"DEN",0,0.000253745060927014
"GSW",0,5.82420279679702e-05
"LAC",0,0.000721677100317148
"BKN",1,0.999634671942165
"NYK",1,0.989302780285216
"ORL",1,0.987143152257354
"IND",1,0.999951130231882
"IND",1,0.999957730652433
"POR",0,4.35531519459373e-06
"SAC",0,0.00110492691532696
"OKC",1,0.989987790721386
"TOR",0,5.19856784895399e-06
"MEM",1,0.999518177635453
"DET",1,0.997488110012939
"CHA",0,0.00062798813197226
"CHI",1,0.988375587023041
"CHI",1,0.989000493876295
"HOU",1,0.98964950668092
"LAL",0,0.000624194528551171
"MIA",0,0.00142250697091256
"MIL",1,0.983728538404113
"MIN",0,0.000113979738495038
"MIN",0,3.91279009104073e-06
"PHX",1,0.987402806516135
"PHX",1,0.98765709887348
"SAS",1,0.999335457455234
"UTA",0,0.000241160280762477
"WAS",0,0.000617349665364073
"WAS",0,0.00043293142612084
"ATL",1,0.987735856597624
"ATL",1,0.990188921425743
"CLE",0,2.58938897009912e-05
"NOP",0,0.000668650879709434
"CHI",0,0.000704385270069742
"CHI",0,0.000572326836079057
"DAL",1,0.988114910861794
"DAL",1,0.987645005563137
"DEN",1,0.989798388809157
"GSW",0,5.64868298371628e-05
"HOU",1,0.989715914351306
"LAC",1,0.989621188943298
"LAL",1,0.989470182540743
"MIA",1,0.999370115101793
"MIN",0,0.000112554359170789
"MIN",0,3.83636445336511e-06
"BKN",1,0.999641194580985
"NYK",0,0.000679846142062695
"ORL",1,0.984788181563629
"IND",1,0.999952272690604
"IND",1,0.999958632731576
"PHI",0,0.000555560107485282
"PHX",0,0.00107862667916891
"PHX",0,0.462154347160283
"POR",0,4.27231667683887e-06
"SAC",1,0.989728225629695
"SAS",0,0.16364592962868
"OKC",1,0.990120302574793
"TOR",1,0.999804985301655
"UTA",0,0.000239319985813038
"MEM",1,0.999527096788165
"WAS",0,0.000610846695071877
"WAS",0,0.000429246314870576
"DET",0,0.000782500466582689
"CHA",0,0.000617322555009684
"ATL",1,0.91809090870219
"ATL",1,0.954491380295246
"BOS",1,0.998302584027894
"CLE",0,6.70606029824349e-05
"NOP",0,9.98533924873652e-05
"CHI",0,0.000580613431783516
"CHI",0,0.000721297264368341
"LAC",0,0.000700969005036721
"LAL",0,4.33680258770342e-05
"MIA",1,0.987308934194121
"MIN",1,0.999137644755482
"MIN",1,0.999985335179144
"BKN",0,0.000628686025233757
"NYK",1,0.989529585729131
"ORL",1,0.987288532005622
"IND",0,2.78800163720233e-06
"IND",0,4.38659186819295e-06
"POR",1,0.987035290674573
"SAC",0,0.000644100811916752
"OKC",1,0.990194180723378
"TOR",0,5.02380553774065e-06
"MEM",1,0.999531731991335
"DET",1,0.986942243508378
"CHA",0,0.000612366740413497
"ATL",1,0.987861201202673
"ATL",1,0.990300935265014
"DAL",1,0.987562936576062
"DAL",1,0.987548262042994
"GSW",0,0.000651857957571373
"MIL",1,0.999795302474101
"PHI",1,0.999250481807974
"PHX",1,0.987494346438483
"PHX",1,0.987657719619455
"UTA",0,0.000237237281432795
"WAS",0,0.000290810211002597
"WAS",0,0.000109701259849215
"DET",0,0.000342658131279646
"CHA",0,0.000609555562574974
"BOS",0,7.29953394433402e-05
"CLE",1,0.999385192745694
"NOP",0,9.84550491701769e-05
"DAL",1,0.987591406988173
"DAL",1,0.987576664151081
"DEN",0,0.000637407604474944
"HOU",1,0.998932038603451
"LAC",1,0.999923143745756
"LAL",1,0.989683022078073
"MIA",0,6.05265040758466e-05
"BKN",0,0.000621125522090261
"NYK",1,0.9972845865823
"ORL",1,0.987355273088318
"IND",0,0.000616644699490599
"IND",0,0.000385503795900006
"POR",0,0.000804767217538209
"SAC",0,0.00105110668787391
"SAS",1,0.999326512446119
"OKC",0,0.000667641994721171
"TOR",1,0.9906578279732
"UTA",0,0.000235993149692756
"MEM",1,0.999538135891358
"ATL",1,0.918121499891719
"ATL",1,0.953923034251206
"BOS",1,0.999259653972544
"NOP",0,9.76027729509712e-05
"CHI",1,0.992067621437211
"CHI",1,0.987010752719615
"LAL",0,0.000599314718735383
"MIA",0,5.98912382153965e-05
"MIN",1,0.999150943409563
"MIN",1,0.999985689602057
"BKN",0,3.11840892266583e-05
"CLE",1,0.999392493641456
"DAL",1,0.988199150652805
"DAL",1,0.987757524704759
"DEN",1,0.99820704016961
"GSW",0,0.000638751720374765
"HOU",0,0.000592964323447697
"LAC",1,0.999924019004259
"MIL",1,0.984588376306563
"NYK",1,0.997308784322122
"ORL",0,0.000765153621996865
"IND",0,0.000611604044640315
"IND",0,0.000381286354338874
"PHI",1,0.99926673935378
"PHX",1,0.987555387594364
"PHX",1,0.987646384219991
"POR",0,4.11820720995079e-06
"SAC",1,0.977126027237328
"SAS",0,7.6348573659069e-05
"OKC",1,0.991670664678894
"TOR",1,0.990702135233038
"UTA",0,5.47992141410882e-05
"MEM",0,0.000521939316381134
"WAS",0,0.000284989636764039
"WAS",0,0.000107914814526206
"DET",0,0.000332419539380843
"CHA",0,0.000598339234422202
"ATL",1,0.988003637258309
"ATL",1,0.990425099132682
"BOS",1,0.999268115927282
"LAC",0,1.75880548421925e-05
"LAL",0,0.000592349344201749
"MIA",1,0.98721757617561
"MIL",0,1.1646358803381e-05
"MIN",1,0.990037458362806
"MIN",1,0.999512912266316
"BKN",1,0.994425003879296
"ORL",1,0.987454426307564
"IND",0,0.000607331850388761
"IND",0,0.000377660878643337
"PHI",0,0.00053627582934655
"DET",0,0.000758291180335873
"CLE",1,0.999401259443991
"NOP",1,0.989894326626184
"CHI",1,0.988780023208978
"CHI",1,0.989275091902172
"DAL",1,0.98772224054355
"DAL",1,0.987709612499924
"DEN",0,0.000622830512227451
"GSW",1,0.999746233659383
"HOU",0,0.000585006194427244
"NYK",1,0.997340609521439
"PHX",0,0.000546061157449482
"PHX",0,0.00022178336561674
"SAC",0,0.000627913574329501
"SAS",0,0.146210729378077
"OKC",1,0.99045957925356
"TOR",0,0.000589592241263697
"MEM",1,0.999548679771333
"WAS",0,0.000587754773000627
"WAS",0,0.000416537155115473
"CHA",0,5.50568978016883e-05
"ATL",1,0.918139374048375
"ATL",1,0.953192788245805
"BOS",1,0.999275570306149
"CHI",0,0.000552940451441726
"CHI",0,0.000699076332935383
"GSW",0,4.98281300251627e-05
"LAL",0,0.000585386677492237
"MIL",0,0.000738761180139493
"MIN",1,0.990109129125528
"MIN",1,0.999519295930308
"ORL",0,0.00075710510945465
"IND",1,0.987364957761193
"IND",1,0.990907510029042
"PHI",1,0.989435118640915
"POR",0,0.000786048810573861
"SAC",1,0.990151632609646
"SAS",0,0.143392140506251
"UTA",1,0.998813883116874
"BOS",0,3.69643717250761e-05
"CLE",1,0.997771864210079
"NOP",0,0.00062991290342268
"DAL",1,0.987779820224199
"DAL",1,0.987769724769645
"DEN",0,0.000616269987362093
"MIA",1,0.987147156945284
"NYK",0,0.000187809145084532
"PHX",0,0.000539351975766219
"PHX",0,0.000218392542886266
"OKC",1,0.990535044478503
"TOR",0,0.000584684636519227
"MEM",1,0.994653563884317
"WAS",1,0.9896137771527
"WAS",1,0.993898553611597
"DET",1,0.987387252944001
"CHA",0,0.000586312027708656
"ATL",0,0.628227962137354
"ATL",0,0.47817483957604
"CLE",0,6.30074735096853e-05
"NOP",0,9.40402876390311e-05
"CHI",0,0.000546182815957231
"CHI",0,0.000694096947462971
"DEN",1,0.99034196301607
"GSW",1,0.999748556364628
"HOU",1,0.990227493950473
"LAC",0,1.67388470253786e-05
"LAL",1,0.999759357903344
"MIA",1,0.987114768420794
"MIL",1,0.985213096554681
"MIN",0,0.00053554062816571
"MIN",0,3.82086790845153e-05
"BKN",0,0.000596303828517131
"ORL",1,0.98286373184254
"IND",0,2.51325548304015e-06
"IND",0,3.88639904345012e-06
"PHI",1,0.999294934217938
"PHX",0,0.000534242697737585
"PHX",0,0.000215782057645466
"POR",0,3.98904613732431e-06
"SAC",1,0.977203135295143
"SAS",1,0.919130641779153
"UTA",0,5.35317518985246e-05
"MEM",1,0.994702645159373
"WAS",0,0.000578198658862919
"WAS",0,0.000411525251543586
"CHA",1,0.998887702503337
"NYK",1,0.990002115886203
"TOR",0,0.000579679357710622
"DAL",0,0.000698861107787617
"DAL",0,0.000677897814526207
"MIL",1,0.999813061186703
"ORL",0,0.000750657923677082
"OKC",1,0.991857971183913
"ATL",1,0.98818800615117
"ATL",1,0.990579245352345
"GSW",0,0.000606669115401575
"HOU",1,0.998974673856268
"NYK",0,0.000184554931103089
"BOS",1,0.999289803434609
"NOP",0,0.000619739633517829
"MIA",1,0.98706213619175
"SAC",1,0.990297703653846
"TOR",0,4.66700742520423e-06
"DET",0,0.00073994260224698
"CLE",1,0.999420499706694
"CHI",1,0.992182195926084
"CHI",1,0.987350751006334
"DEN",1,0.99827096962645
"LAC",0,0.000649387793602333
"LAL",0,0.000571372974765458
"MIN",1,0.999179119416623
"MIN",1,0.99998642522046
"BKN",0,2.93590546953481e-05
"IND",1,0.987608682798256
"IND",1,0.99110156902511
"PHI",0,0.000521676303392106
"PHX",1,0.988767049107508
"PHX",1,0.999853566748171
"POR",0,0.000772032701326573
"SAS",1,0.9993017251714
"UTA",0,0.000229257821734209
"MEM",1,0.999562070493508
"WAS",0,0.00027322059759004
"WAS",0,0.000104484397435609
"CHA",0,5.32954231059089e-05
"ATL",0,0.000632605412899513
"ATL",0,0.000582751132773224
"HOU",0,0.000566338834828372
"MIL",1,0.985549583698496
"OKC",1,0.990696392094354
"BOS",1,0.998430374875042
"NOP",0,9.1996769015143e-05
"DAL",1,0.987901089091491
"DAL",1,0.987901194630662
"GSW",0,4.62535875270516e-05
"LAL",1,0.999764132207894
"MIN",1,0.990297349298012
"MIN",1,0.999535974114075
"NYK",1,0.990111378994052
"ORL",0,0.0314603816721694
"IND",1,0.999957938333171
"IND",1,0.999962933782563
"PHX",1,0.987715185705713
"PHX",1,0.987543241877626
"POR",0,3.92369315839401e-06
"SAS",0,0.130824137945441
"MEM",0,0.000498453423123277
"WAS",0,0.000569842834952912
"WAS",0,0.000407328955780812
"CLE",1,0.997848707776754
"CHI",1,0.989062872180237
"CHI",1,0.989469341468423
"DEN",1,0.990535842146439
"LAC",1,0.999928051847695
"MIA",0,5.45123437996962e-05
"BKN",0,0.000583267309605511
"PHI",1,0.999314157019014
"SAC",0,0.000964085608758901
"TOR",0,0.000571029538085438
"UTA",0,5.27632676950262e-05
"DET",1,0.997633020349858
"CHA",0,0.000570615205751519
"ATL",0,0.000626619546580623
"ATL",0,0.000577965617063483
"BOS",0,3.49060241290474e-05
"NOP",0,9.11256018107603e-05
"CHI",1,0.989089195498231
"CHI",1,0.989487555834035
"DAL",0,0.00101354455526344
"DAL",0,0.000895643210500397
"DEN",0,0.000596903898651797
"GSW",0,0.000590857412793257
"HOU",1,0.998989514826034
"LAC",1,0.990301972142499
"LAL",1,0.990268484802441
"MIN",0,9.71206787260847e-05
"MIN",0,3.02487566037406e-06
"BKN",1,0.999677122804867
"NYK",1,0.990188483336143
"ORL",0,0.0301925717743145
"IND",1,0.987792498885426
"IND",1,0.991244360077859
"PHX",0,0.000907383116922679
"PHX",0,0.437560910045836
"POR",1,0.987775094832044
"SAC",0,0.000954363416150557
"SAS",1,0.91249035109534
"OKC",1,0.990799530755781
"TOR",0,0.000567743582800146
"UTA",1,0.998886150762518
"MEM",1,0.999569387575657
"WAS",1,0.989854877658712
"WAS",1,0.994108114270027
"DET",0,0.000302380491766247
"CHA",0,5.23089656068975e-05
"CLE",1,0.999434375842899
"MIA",0,0.001155048478186
"MIL",0,0.000733906283106165
"PHI",1,0.989617385970691
"OKC",1,0.990819450709863
"CHA",0,5.22315670017604e-05
"ATL",0,0.625409937239894
"ATL",0,0.464692576399076
"BOS",1,0.9984594902934
"CLE",1,0.999435596264881
"NOP",0,0.000603488939811924
"CHI",0,0.000522509565016483
"CHI",0,0.000678886042474293
"DAL",1,0.988277058261515
"DAL",1,0.987935922792539
"GSW",1,0.990849384844905
"LAC",0,0.000630279539207622
"LAL",1,0.99034122237107
"MIA",0,5.3201406796729e-05
"MIL",1,0.999822989767074
"MIN",0,9.56500035207154e-05
"MIN",0,2.94825243138926e-06
"BKN",0,0.000574822933911812
"NYK",1,0.990259670046219
"ORL",1,0.981205249361837
"PHI",0,1.76900504124517e-05
"PHX",0,0.000891177111539177
"PHX",0,0.434469959984797
"POR",0,3.8624083903253e-06
"SAC",0,0.000941418934398872
"SAS",1,0.909886887770073
"UTA",1,0.998901514020549
"MEM",1,0.994901980559465
"WAS",0,0.000266094119571674
"WAS",0,0.000102602296914079
"DET",1,0.987795778095795
"NOP",0,0.000599948526169575
"DEN",1,0.990683438893299
"HOU",1,0.990539312407235
"IND",1,0.987929318107555
"IND",1,0.99134819683678
"SAC",0,0.000937573235541551
"TOR",0,0.000562837232481824
"ATL",1,0.918078234849342
"ATL",1,0.950664519844403
"BOS",0,6.53403616314197e-05
"CLE",1,0.999440334239069
"CHI",0,0.000517549026233302
"CHI",0,0.000676333680657084
"DAL",1,0.98827347069152
"DAL",1,0.987950781482988
"DEN",1,0.998315813200742
"GSW",0,4.31157360119158e-05
"HOU",1,0.990561981825131
"LAC",1,0.990421345681176
"LAL",0,3.58681185580512e-05
"MIA",1,0.986758114046978
"MIL",1,0.986168919586455
"MIN",0,0.000512391215864653
"MIN",0,3.55630107185964e-05
"BKN",0,2.80746677881386e-05
"NYK",1,0.997481957743196
"ORL",1,0.980739668439044
"IND",1,0.987986954015353
"IND",1,0.991391204562813
"PHI",1,0.989667259323391
"PHX",0,0.000507499279025792
"PHX",0,0.000201497810095106
"POR",0,3.83819054338803e-06
"SAS",0,6.08058609121762e-05
"OKC",1,0.992067172802022
"TOR",0,4.46956549271217e-06
"UTA",0,5.19884194198159e-05
"MEM",0,0.000100356523834876
"WAS",0,0.000263726531735025
"WAS",0,0.000102032419463463
"DET",1,0.987870062671524
"CHA",0,0.000557251149698664
"BOS",0,3.34487312117868e-05
"DAL",0,0.000960290437168913
"DAL",0,0.000855335630868107
"DEN",0,0.000583999638374163
"GSW",0,4.23756549929347e-05
"LAL",1,0.990455019064708
"MIN",1,0.990493221723479
"MIN",1,0.999553276318998
"NYK",1,0.997492251517131
"PHI",1,0.999339297931981
"PHX",1,0.987809167186764
"PHX",1,0.987378098898383
"SAS",0,5.98975452786225e-05
"ATL",1,0.918043036392879
"ATL",1,0.950036909252699
"NOP",0,0.000592780622228336
"CHI",0,0.000645729634286606
"CHI",0,0.000505638483335521
"HOU",1,0.990622583110545
"MIA",1,0.999421880546505
"MIL",0,1.06211700124582e-05
"BKN",1,0.999686003944883
"ORL",0,0.0268692943820018
"IND",0,2.27478191575287e-06
"IND",0,3.42272299858801e-06
"POR",1,0.987997216357126
"SAC",0,0.000918414761674195
"OKC",1,0.990968284477044
"TOR",0,4.43885039375703e-06
"UTA",0,5.18074090586975e-05
"MEM",1,0.999578823938462
"WAS",1,0.99000489258387
"WAS",1,0.994246668035176
"DET",1,0.987927431272573
"CHA",0,5.10341700095408e-05
"BOS",1,0.999317813588625
"CLE",1,0.997937363933663
"NOP",0,0.000590228421551131
"DAL",1,0.988065297947076
"DAL",1,0.988102448584184
"DEN",0,0.000209185117598341
"GSW",0,0.000566217750507393
"HOU",0,7.06096581648387e-05
"LAC",1,0.999930187981247
"MIN",1,0.990534936090896
"MIN",1,0.999556975924933
"BKN",0,0.000563011649750952
"NYK",1,0.990415081741597
"ORL",0,0.0261912473611747
"IND",0,0.000574329537391513
"IND",0,0.000345596463196763
"PHX",0,0.000853580212670277
"PHX",0,0.426376391698115
"SAS",1,0.999257607309439
"MEM",1,0.99501196820616
"ATL",1,0.918006200694077
"ATL",1,0.949466863483928
"CHI",1,0.992246740576846
"CHI",1,0.987752393400996
"DAL",0,0.000668756889401146
"DAL",0,0.000639865776104221
"DEN",1,0.99833614310022
"GSW",1,0.999753814766802
"LAL",1,0.999774039474223
"MIA",0,5.08344712085569e-05
"MIL",0,0.000736088917255761
"NYK",1,0.990439970194441
"PHI",1,0.999349041513714
"PHX",0,0.000498878514305297
"PHX",0,0.000196493729978888
"POR",1,0.988072679298331
"SAC",0,0.000594460492912608
"OKC",1,0.99102397486244
"UTA",0,0.000225143058643195
"WAS",0,0.000550105440036262
"WAS",0,0.000398754957842752
"DET",0,0.000709386559445221
"CHA",0,0.000549649037602877
"ATL",1,0.988519837503388
"ATL",1,0.9908218629951
"BOS",0,3.25609997020427e-05
"HOU",0,6.97398668607856e-05
"MIA",1,0.99942466312915
"MIN",1,0.99920500932938
"MIN",1,0.999987071022305
"BKN",0,2.73771158233597e-05
"ORL",1,0.979409863409804
"IND",1,0.988210700544929
"IND",1,0.99155303265074
"SAS",0,5.67918581794061e-05
"OKC",1,0.992147402497264
"TOR",0,0.000552709954543404
"MEM",0,0.000477730682319614
"CLE",1,0.997962476960757
"NOP",0,0.000584159651038252
"CHI",1,0.989349488689815
"CHI",1,0.989669992309896
"DAL",0,0.000665526546739045
"DAL",0,0.000635619784694623
"DEN",1,0.990888251515037
"GSW",0,4.02455588999005e-05
"LAC",1,0.990578818944808
"NYK",1,0.990483692790479
"PHI",1,0.999354536281563
"POR",0,0.00074357497562468
"SAC",1,0.976999414762172
"UTA",0,0.000224970564319134
"WAS",0,0.000547738180332836
"WAS",0,0.00039798349210767
"CHA",0,0.000546943638628888
"BOS",1,0.999323830949331
"CLE",1,0.997969731843924
"LAC",0,0.000605946346690905
"LAL",0,3.4013883476262e-05
"MIL",1,0.986735215145858
"MIN",0,0.000501123720821894
"MIN",0,3.4194343287268e-05
"IND",0,2.20956804158776e-06
"IND",0,3.28159902433015e-06
"PHX",0,0.000832633598868377
"PHX",0,0.421096307490479
"SAS",1,0.897543869764259
"OKC",1,0.992167777731853
"TOR",0,4.37467868921947e-06
"MEM",1,0.995076339564882
"ATL",0,0.000598620996397686
"ATL",0,0.00055547506749594
"NOP",0,8.66366624803366e-05
"CHI",0,0.000638502237792535
"CHI",0,0.000496821014297718
"DAL",0,0.000663028264694121
"DAL",0,0.000632281051077922
"DEN",1,0.998348157778533
"HOU",1,0.999016529633107
"MIA",1,0.986330789652544
"BKN",0,2.71029627324528e-05
"NYK",1,0.997533861780864
"ORL",0,0.000737765862786645
"PHI",0,1.7269887902363e-05
"SAC",1,0.976935738845402
"TOR",1,0.991025498928377
"UTA",0,5.14536453449334e-05
"WAS",1,0.990113633783743
"WAS",1,0.994356607953009
"DET",1,0.997668282884113
"BOS",1,0.998521102644275
"GSW",1,0.999753406883801
"LAC",0,0.000602192026397144
"LAL",1,0.99977654929057
"MIA",0,0.00103363919629649
"MIL",0,1.04012649153859e-05
"MIN",0,8.96795641861785e-05
"MIN",0,2.63197620411543e-06
"BKN",1,0.999693200052084
"IND",1,0.988339483008931
"IND",1,0.991641385449233
"PHI",0,1.72502813288789e-05
"POR",0,3.78482779511196e-06
"OKC",1,0.99218731545399
"ATL",0,0.000595972285717996
"ATL",0,0.000553334382306966
"BOS",1,0.998524317689475
"CLE",1,0.997988562685325
"NOP",1,0.990349517254895
"DAL",0,0.000893821138234909
"DAL",0,0.000807233036701365
"DEN",0,0.000202699894234262
"HOU",0,6.80606572222158e-05
"LAL",1,0.999777000813616
"NYK",0,0.00060028366638692
"ORL",1,0.987974174526465
"SAC",1,0.976868138451459
"SAS",1,0.999224160866296
"OKC",1,0.992194403903437
"TOR",0,0.000548053392420769
"MEM",0,0.00047276776380731
"WAS",0,0.000255760795623247
"WAS",0,0.000100537444560084
"DET",1,0.997667863539782
"CHA",0,4.99408771375616e-05
"ATL",0,0.000594504436557496
"ATL",0,0.000552146305430233
"CHI",1,0.992229679666763
"CHI",1,0.987926475196111
"DEN",1,0.990980654375352
"GSW",1,0.999752894011785
"LAC",1,0.999931090668315
"MIA",0,0.00101639805066305
"MIL",0,1.03603700813761e-05
"MIN",0,0.000496890634667872
"MIN",0,3.36305131392446e-05
"BKN",0,0.000550468712554576
"NYK",0,0.000598822711435509
"IND",1,0.999961814627715
"IND",1,0.999965396298504
"PHI",1,0.999366721677073
"PHX",0,0.000488532176468266
"PHX",0,0.00018982553825844
"POR",1,0.999835101200435
"SAS",0,0.0990880068353227
"UTA",1,0.998983041901795
"MEM",0,0.000471527512442603
"DET",1,0.997666857226917
"BOS",0,6.22230837794829e-05
"CLE",1,0.999460470130319
"NOP",1,0.998085612815725
"GSW",0,3.82800864955776e-05
"HOU",1,0.99901943291779
"LAL",0,0.000530098158184877
"ORL",0,0.0224725202111211
"SAC",1,0.990842462000168
"OKC",1,0.992209603998354
"UTA",1,0.998986135570318
"WAS",0,0.000541773536013221
"WAS",0,0.000396713991075437
"CHA",0,4.97601767897496e-05
"CHI",1,0.99221853156442
"CHI",1,0.987968023714292
"DAL",0,0.000657741793778505
"DAL",0,0.000624930307502743
"LAC",0,0.000595540313885787
"MIA",0,4.85264621713746e-05
"MIL",1,0.987113625169952
"MIN",1,0.999209723701372
"MIN",1,0.999987170641762
"BKN",0,0.00054822326278218
"NYK",0,0.000167633852839447
"ORL",1,0.988009605443385
"IND",1,0.988465475224409
"IND",1,0.991722950340752
"PHI",0,0.000494660815033233
"PHX",1,0.988845789334436
"PHX",1,0.999858656824553
"POR",0,3.78556557987781e-06
"SAC",1,0.976713130631126
"SAS",0,5.17798991786639e-05
"TOR",0,0.000545563540578811
"MEM",1,0.999588384555597
"DET",1,0.997664244458639
"ATL",1,0.988650624668871
"ATL",1,0.990885151635229
"BOS",1,0.998537660167546
"NOP",0,0.000571954419616187
"DAL",1,0.988123993588891
"DAL",1,0.987973789731133
"DEN",0,0.000199525708570581
"GSW",0,3.76350714785746e-05
"HOU",1,0.990839173416166
"LAL",0,0.000527670144420029
"MIA",1,0.999426320880947
"MIN",1,0.990688304600446
"MIN",1,0.999570913756899
"PHX",0,0.000485291869958548
"PHX",0,0.000187397713625166
"UTA",0,0.000225523766737977
"WAS",0,0.000540091208580185
"WAS",0,0.000396718520082494
"CHA",1,0.990702277181467
"CLE",1,0.999462731271429
"NOP",0,0.000570872282337675
"CHI",0,0.000633949321287166
"CHI",0,0.000490493717601044
"DEN",1,0.998360249061431
"LAC",0,0.000592354678921551
"MIL",1,0.999839583083756
"BKN",0,0.000545912037635243
"NYK",1,0.997557664518877
"IND",1,0.999962306445226
"IND",1,0.999965585519657
"PHI",1,0.989766976392524
"POR",1,0.999838446627065
"SAS",0,5.07027434339249e-05
"OKC",0,0.000586937328974502
"TOR",0,4.32862179708899e-06
"WAS",0,0.000253016758545116
"WAS",0,0.000100398805699635
"DET",1,0.98817681320989
"ATL",0,0.000589368722071778
"ATL",0,0.000547972583730976
"CLE",1,0.999463381560727
"DAL",1,0.988086824438682
"DAL",1,0.987964826508631
"GSW",1,0.991112062167537
"HOU",1,0.990857397635371
"MIA",1,0.999425622296487
"MIN",1,0.99070239392858
"MIN",1,0.999572294237888
"ORL",0,0.0209366238980384
"PHX",1,0.987893235470238
"PHX",1,0.986832592314608
"POR",0,3.79634998955742e-06
"TOR",0,4.32755450979049e-06
"UTA",0,0.000226016910827185
"MEM",0,9.25452000307992e-05
"DET",0,0.000268788414279567
"BOS",0,3.08633521218772e-05
"NOP",1,0.998102277090206
"CHI",1,0.9921807128907
"CHI",1,0.98805723731781
"DEN",1,0.99836137796668
"GSW",0,0.000536989834915132
"MIL",1,0.987351110141285
"BKN",0,2.64770147343633e-05
"NYK",0,0.000165992667110598
"ORL",0,0.0206224828122584
"IND",1,0.999962507750728
"IND",1,0.999965632134334
"PHI",0,0.000493040365229471
"SAC",1,0.990901286563163
"OKC",1,0.991213396279975
"WAS",0,0.000252281561060097
"WAS",0,0.000100466390925417
"MIA",1,0.999424801848602
"MIN",0,8.68518014785319e-05
"MIN",0,2.46948977375983e-06
"PHX",1,0.987894348016277
"PHX",1,0.986763327162332
"POR",0,0.000736579144162553
"TOR",0,4.32773488099455e-06
"UTA",0,5.15895040129969e-05
"MEM",1,0.995204117896805
"DET",1,0.997653155873241
"BOS",1,0.999330070544929
"CLE",0,1.97565678558712e-05
"NOP",0,8.47857722073799e-05
"CHI",0,0.000485416978126308
"CHI",0,0.000675876201677552
"DAL",0,0.000843703064774913
"DAL",0,0.000774107215102891
"DEN",1,0.991084563506804
"MIL",0,0.000755855041867222
"BKN",0,2.64123863671381e-05
"NYK",1,0.99756279305025
"ORL",1,0.975661053040364
"IND",1,0.988617062838241
"IND",1,0.99181126954795
"PHI",0,1.72394454126214e-05
"PHX",1,0.987894334954167
"PHX",1,0.986704667684333
"SAC",1,0.990913298541836
"OKC",1,0.991225564780438
"UTA",1,0.996276413340326
"WAS",0,0.000537817750514064
"WAS",0,0.000397643873028551
"CHA",0,4.94008969720249e-05
"GSW",0,0.000533788485301481
"HOU",1,0.999017719384057
"LAC",1,0.99993106394511
"LAL",0,3.18891336808409e-05
"MIA",0,4.71624252620284e-05
"MIN",1,0.99071948107386
"MIN",1,0.999574120336973
"NYK",0,0.000165196886502421
"SAS",1,0.999160368672798
"TOR",1,0.991015867253573
"MEM",0,0.000467197334526596
"WAS",0,0.000537603589256183
"WAS",0,0.000397908514350325
"DET",1,0.988203649227007
"ATL",1,0.917583419265124
"ATL",1,0.944737119104287
"CLE",1,0.998038535041793
"NOP",1,0.998110201285014
"CHI",0,0.000483695960305373
"CHI",0,0.000678495898889582
"DAL",0,0.000834140234478366
"DAL",0,0.000768367115722497
"DEN",1,0.991100804742472
"MIL",1,0.999842451731839
"BKN",1,0.99969892977677
"IND",0,2.12381984358491e-06
"IND",0,3.03291412863207e-06
"PHI",0,0.000492606175341585
"PHX",0,0.000480882515039786
"PHX",0,0.000183113267651978
"POR",0,0.000737174875567003
"SAC",0,0.000584646401734141
"OKC",1,0.991236331515034
"ATL",1,0.988718472381128
"ATL",1,0.990886959558596
"BOS",0,6.11932067180281e-05
"NOP",1,0.990368042814805
"CHI",0,0.000482953850844292
"CHI",0,0.000680003438605274
"DAL",0,0.00065311709047997
"DAL",0,0.000617040233299829
"DEN",0,0.000195476121772952
"GSW",1,0.991124005912484
"HOU",1,0.990886524082346
"LAC",1,0.999930876350348
"LAL",1,0.999778541250997
"MIA",0,4.68099199654813e-05
"MIL",1,0.999842957023519
"MIN",0,8.59898322958735e-05
"MIN",0,2.41206813160849e-06
"BKN",0,2.63148685524955e-05
"NYK",1,0.990677415120858
"ORL",0,0.00075365232322942
"PHI",0,0.000492671319475329
"SAS",0,0.0838598174613367
"TOR",1,0.990999523965617
"UTA",0,0.00022823787125181
"MEM",1,0.995235511339812
"CHA",1,0.998982825980971
"CLE",0,5.69744059738725e-05
"HOU",0,0.000524964449402435
"LAC",1,0.990770174047203
"IND",1,0.988702162249376
"IND",1,0.991852990732713
"PHX",1,0.988787581236557
"PHX",1,0.999856866331447
"POR",0,0.000738083427611902
"SAC",1,0.976114493630674
"OKC",1,0.992224572236074
"WAS",0,0.000537162437490468
"WAS",0,0.000399348724212324
"DET",0,0.000262531812230785
"BOS",1,0.999327781170082
"NOP",1,0.990357562609571
"CHI",0,0.000481733870500198
"CHI",0,0.000683321209672449
"DAL",1,0.987907413499498
"DAL",1,0.987904113986488
"DEN",1,0.991116515820618
"LAL",1,0.999778219092045
"MIA",0,0.000926405276127273
"MIL",1,0.999843574393196
"MIN",1,0.990724526090389
"MIN",1,0.999575055440538
"BKN",0,2.62881538963224e-05
"NYK",0,0.000164322426458881
"ORL",0,0.000757539060652474
"SAS",0,0.0816166361405842
"OKC",0,0.000581241091080943
"TOR",0,4.35289974069164e-06
"UTA",0,5.21415785461992e-05
"MEM",1,0.995244807787754
"CHA",1,0.99898335434006
"ATL",1,0.988735104085445
"ATL",1,0.990872714254208
"BOS",0,3.02373673478762e-05
"CLE",1,0.998048443367322
"GSW",1,0.99974426493075
"HOU",1,0.990887579014744
"MIN",0,8.56184001477697e-05
"MIN",0,2.38273685219887e-06
"IND",1,0.999962959690504
"IND",1,0.999965507197085
"PHI",0,1.74032337446779e-05
"PHX",1,0.988766368616475
"PHX",1,0.999856103267959
"POR",0,0.000739579129836321
"WAS",0,0.000250785830284213
"WAS",0,0.000101357485140362
"DET",0,0.000261009823500804
"CHI",0,0.000634957980655526
"CHI",0,0.000488957366201107
"DEN",1,0.991121292161033
"LAC",1,0.999930404099151
"LAL",0,0.000520911745015859
"MIA",1,0.98502936331986
"MIL",1,0.99984409052339
"BKN",0,2.62788089539734e-05
"ORL",0,0.018004980633971
"PHI",0,1.74374914417895e-05
"POR",1,0.988454882790917
"SAC",1,0.975884568351347
"SAS",0,4.57902464601932e-05
"OKC",1,0.99220950935593
"WAS",0,0.000250755837194502
"WAS",0,0.000101531627249553
"ATL",0,0.000587075426967013
"ATL",0,0.000546015065159073
"BOS",1,0.998551253056521
"CLE",1,0.999463354822674
"NOP",1,0.990333650617055
"CHI",1,0.989494738253531
"CHI",1,0.989785159836952
"DAL",0,0.000653560858158802
"DAL",0,0.000615958938895024
"GSW",0,3.4804953532533e-05
"HOU",0,6.44879828450567e-05
"LAC",0,1.28357599073762e-05
"MIN",0,0.00049316630326665
"MIN",0,3.25901278208416e-05
"NYK",1,0.997556836239152
"PHX",0,0.000479910205132291
"PHX",0,0.000180247783576145
"UTA",0,5.25183424642897e-05
"MEM",1,0.999587163370534
"DET",1,0.988187026224476
"CHA",1,0.99059552648745
"DEN",1,0.998350729434333
"LAL",1,0.999777107161722
"MIA",0,0.000905612160923693
"BKN",0,0.000539406964971203
"NYK",1,0.990678528654376
"ORL",0,0.000766329502983214
"PHI",0,1.75194495980565e-05
"POR",1,0.999845736615952
"TOR",1,0.990946482718902
"WAS",0,0.00025078559029083
"WAS",0,0.000101899126052928
"ATL",0,0.618622825403496
"ATL",0,0.414004356274825
"BOS",1,0.998550241476297
"CLE",0,5.71895568689674e-05
"DAL",0,0.000804942486485642
"DAL",0,0.00075317623422247
"GSW",0,0.000526579458282099
"HOU",1,0.999003592986249
"LAC",0,1.27888049424621e-05
"MIN",1,0.990711007556385
"MIN",1,0.99957455080582
"BKN",0,0.000539379726230219
"PHX",1,0.988724799760303
"PHX",1,0.999854546340922
"SAC",1,0.975646076389561
"OKC",1,0.992188674917392
"UTA",0,5.27756998667089e-05
"MEM",1,0.99958604403947
"DET",1,0.988172417599154
"CHA",0,4.96368526109262e-05
"ATL",0,0.618524196075944
"ATL",0,0.412357429280788
"BOS",0,6.11439504260686e-05
"CHI",0,0.000637622375142986
"CHI",0,0.000490697437614735
"DAL",1,0.98801035831958
"DAL",1,0.988264045821193
"DEN",1,0.998345339427294
"GSW",1,0.999739055374474
"LAC",1,0.999929667232574
"LAL",1,0.999776178946645
"MIA",0,4.59461485696745e-05
"MIL",1,0.999844787707932
"ORL",0,0.0169778661092728
"IND",0,0.000584176941315515
"IND",0,0.000332327312471824
"POR",1,0.99984651785982
"SAC",0,0.000587337890868924
"SAS",1,0.99907498434578
"OKC",0,0.000571144069400963
"TOR",1,0.999847283126312
"WAS",0,0.000251002982729459
"WAS",0,0.000102475361722969
"CLE",0,5.73647853135061e-05
"NOP",0,8.46662224890648e-05
"PHI",1,0.989664234632897
"POR",1,0.999846691178782
"MEM",1,0.999584755589006
"CHA",0,0.000532911090436272
"ATL",0,0.618398290714567
"ATL",0,0.409986405046244
"BOS",1,0.998547337661194
"CLE",0,1.94643258949035e-05
"NOP",0,8.47049477799724e-05
"CHI",0,0.000479787072631096
"CHI",0,0.000700263279811275
"DAL",0,0.000796710854863169
"DAL",0,0.000750014520937729
"DEN",0,0.000562284696697288
"GSW",0,3.41601452493635e-05
"HOU",1,0.990856045659502
"LAC",1,0.999929273212486
"LAL",1,0.990824857816792
"MIA",1,0.999406517673257
"MIL",0,0.00079200891196334
"MIN",1,0.999191076313877
"MIN",1,0.999986609471953
"BKN",0,0.000539750026588266
"NYK",1,0.99754249667361
"ORL",1,0.97122381274684
"IND",1,0.988838657683649
"IND",1,0.991891023217534
"PHI",1,0.999390753500789
"PHX",1,0.987840773150102
"PHX",1,0.985933100965794
"SAC",0,0.000588759311576224
"SAS",0,4.36218993445962e-05
"TOR",1,0.999847283438577
"UTA",0,5.33739499400518e-05
"MEM",1,0.999583156907798
"WAS",0,0.000251376446412305
"WAS",0,0.000103080770372405
"DET",0,0.000700547918561076
"CHA",1,0.990510809167367
"POR",0,0.000748539809743613
"OKC",1,0.991219970784066
"ATL",0,0.000590862383233196
"ATL",0,0.000548976907066248
"BOS",0,3.00013789065485e-05
"CLE",1,0.999458003649559
"NOP",0,8.48998828233809e-05
"CHI",1,0.991903439407177
"CHI",1,0.988270131223371
"DAL",1,0.987599185246706
"DAL",1,0.987769657522559
"DEN",0,0.000563478323754723
"HOU",1,0.990837504777033
"LAC",0,0.000585588164998477
"LAL",1,0.990813672450345
"MIA",1,0.984268879103258
"MIL",1,0.987977451153154
"MIN",1,0.999186593927051
"MIN",1,0.999986481584862
"BKN",0,0.000540343863922198
"NYK",1,0.997534116263888
"ORL",0,0.000784947967825537
"PHX",1,0.987825627441672
"PHX",1,0.985806283831559
"SAC",1,0.990884165385384
"TOR",1,0.990858297430466
"UTA",0,0.000236096535459622
"MEM",0,0.000471429127811335
"WAS",0,0.000251808583050673
"WAS",0,0.000103637181945414
"DET",0,0.00070237688754968
"CHA",0,0.000534488655103706
"ATL",0,0.618185073028629
"ATL",0,0.404587784355467
"GSW",1,0.999732538203512
"HOU",1,0.990823451717728
"LAL",0,0.000522577371809546
"MIL",0,0.000803534103557909
"PHI",1,0.989600426020609
"POR",1,0.988472121724957
"UTA",0,5.38913600866878e-05
"BOS",1,0.999311271692939
"CLE",1,0.998049359577328
"NOP",0,0.00056302405091932
"CHI",0,0.000643849953980645
"CHI",0,0.000495552448878228
"DAL",1,0.98790278194159
"DAL",1,0.988226167425364
"DEN",0,0.000565000504754367
"GSW",1,0.999731324790781
"LAC",1,0.990739669150097
"MIA",0,0.000869093410546149
"MIN",1,0.990653376743938
"MIN",1,0.999570780198051
"BKN",1,0.999695874451547
"NYK",1,0.997524607732966
"IND",1,0.999962829119992
"IND",1,0.99996453316628
"PHI",1,0.989581302640499
"PHX",0,0.000758863303214355
"PHX",0,0.382499149837553
"SAC",0,0.000592173995106922
"SAS",0,0.0685608640677616
"OKC",0,0.000583434956916548
"TOR",1,0.999846964881224
"WAS",0,0.000542893395009327
"WAS",0,0.000411189254342978
"DET",0,0.00070485000793069
"CHA",0,0.000535778472673282
"ATL",0,0.000594782412807927
"ATL",0,0.000552074023854983
"CLE",1,0.99945321864177
"HOU",0,0.000529127248684592
"LAL",1,0.990786282656823
"MIN",1,0.990638804579439
"MIN",1,0.999569755488141
"ORL",0,0.000796031537027492
"POR",1,0.988464719303319
"UTA",0,0.000238772545966461
"MEM",1,0.999577841004033
"WAS",0,0.000543665131182004
"WAS",0,0.000412264891018668
"BOS",1,0.998534033228025
"NOP",0,0.000563955955815018
"CHI",1,0.989399418990388
"CHI",1,0.989731995248599
"DAL",0,0.000661571734801471
"DAL",0,0.000621472513826457
"DEN",1,0.991066529804967
"GSW",0,3.35370196308255e-05
"LAC",1,0.990719140715945
"MIL",0,0.000815533899582721
"PHI",0,0.000502166734365691
"PHX",1,0.988584671908837
"PHX",1,0.999848960956845
"SAS",1,0.842605045644125
"TOR",0,0.000552223754916586
"DET",1,0.997518625059295
"CHA",0,0.000537044454686105
"ATL",0,0.000596960198977751
"ATL",0,0.000553797939679643
"DEN",1,0.991058573493273
"HOU",0,6.41656933565053e-05
"LAL",1,0.990768020901775
"MIA",1,0.999390012558205
"MIN",0,8.57520360148324e-05
"MIN",0,2.31556330011536e-06
"BKN",1,0.999693936326232
"NYK",0,0.000164902896808784
"ORL",0,0.000803296824809004
"IND",1,0.999962637982686
"IND",1,0.99996409622166
"PHX",0,0.000486310345644986
"PHX",0,0.000177687218166921
"POR",1,0.988453301037995
"SAC",0,0.000595521814759013
"SAS",0,0.0657325803858429
"OKC",1,0.992050590012678
"UTA",1,0.996407778915241
"WAS",1,0.995945928030966
"WAS",1,0.998506150831681
"CHA",0,0.000538149354235017
"BOS",1,0.998527244184661
"CLE",1,0.999448520374912
"CHI",0,0.000650465523854789
"CHI",0,0.000501118668895883
"DAL",0,0.000664416548163639
"DAL",0,0.00062391075288599
"LAC",0,0.000590607001109608
"MIL",0,1.08670432675559e-05
"PHI",0,0.000504712290745534
"TOR",1,0.990746287567728
"MEM",1,0.995238721215559
"DET",1,0.997497200878349
"ATL",1,0.988711901178032
"ATL",1,0.990682266792706
"NOP",0,8.60459743921849e-05
"DEN",1,0.998300418124018
"GSW",1,0.999723342318767
"HOU",0,0.00053264358520496
"MIL",0,0.000827364711661327
"MIN",0,8.60394303586251e-05
"MIN",0,2.31585460197932e-06
"NYK",1,0.997494682429655
"ORL",0,0.000811520333716936
"IND",1,0.98889669306634
"IND",1,0.991854081373558
"PHX",0,0.000488407076558245
"PHX",0,0.000177613353845328
"POR",1,0.988438669506804
"SAC",1,0.990788365164788
"SAS",0,4.12287645813852e-05
"OKC",1,0.992013719764519
"UTA",0,0.000243180854809329
"MEM",1,0.999571689547172
"WAS",1,0.995928724937647
"WAS",1,0.998503943501535
"DET",0,0.000255753360692427
"CHA",0,0.000540173066826211
"BOS",1,0.998519954246293
"CLE",0,1.97273611469877e-05
"CHI",1,0.991669951206845
"CHI",1,0.9883117147371
"DAL",0,0.000667419822817904
"DAL",0,0.000626569383962267
"HOU",0,0.000534286407272495
"LAC",0,1.27058806418252e-05
"LAL",1,0.990719220752917
"MIA",0,4.5598043694683e-05
"BKN",1,0.994443777360664
"NYK",1,0.990527175162394
"IND",0,0.000612707094545348
"IND",0,0.000339089378599203
"PHI",1,0.989450643160629
"POR",1,0.988425933183616
"TOR",0,0.000557970120145116
"ATL",0,0.618094667284432
"ATL",0,0.39337929030957
"CLE",1,0.998030454398637
"NOP",0,8.65861038918612e-05
"CHI",0,0.000656083885388622
"CHI",0,0.000506002909177173
"DEN",1,0.998285705326005
"GSW",0,0.000529245458833539
"MIA",1,0.999376651640869
"MIL",1,0.988147089976381
"MIN",1,0.999158751078557
"MIN",1,0.999985685984878
"BKN",0,0.000546887752965757
"ORL",1,0.988018609173953
"PHI",0,0.000509365634462231
"PHX",0,0.000491471784609926
"PHX",0,0.000177658353337164
"SAC",0,0.000804534630681097
"SAS",1,0.998931299227652
"OKC",1,0.991963584017044
"TOR",0,0.000559738477644105
"UTA",1,0.996412537301573
"MEM",1,0.995215841837714
"WAS",1,0.995904976445746
"WAS",1,0.998500099809119
"DET",0,0.000255917463579159
"CHA",0,0.000542978552212566
"BOS",0,3.03268532800288e-05
"DAL",1,0.987674997740232
"DAL",1,0.988120451171543
"DEN",1,0.998277172676643
"GSW",0,0.000530365143508571
"HOU",0,0.000537349529737186
"LAC",0,1.27485039744066e-05
"LAL",1,0.999764603890698
"MIN",1,0.999153644669041
"MIN",1,0.999985539153321
"ORL",0,0.000829344583015604
"IND",1,0.988899997575235
"IND",1,0.991815616093098
"POR",1,0.98840023548645
"SAC",0,0.000603576727921605
"ATL",1,0.916518019263359
"ATL",1,0.93571991695425
"CLE",1,0.998021242160212
"MIA",0,4.56900080114975e-05
"MIL",0,0.000849254622607073
"BKN",1,0.994394147935948
"PHI",0,1.88944843019513e-05
"PHX",1,0.987690103527535
"PHX",1,0.984908157877904
"SAS",0,4.03424004291303e-05
"OKC",1,0.991921444573968
"TOR",0,4.7307972342529e-06
"UTA",0,5.67307702527341e-05
"WAS",0,0.000554225123711771
"WAS",0,0.000425389791929599
"DET",1,0.997429385547395
"CHA",1,0.990194365523932
"ATL",1,0.988662975035033
"ATL",1,0.990563905313765
"BOS",1,0.998501349503451
"NOP",0,8.74610742469462e-05
"CHI",0,0.000487803724949889
"CHI",0,0.000755699372097741
"DAL",1,0.987035832027711
"DAL",1,0.98748745611794
"DEN",1,0.990936673757339
"GSW",1,0.990827896737764
"HOU",0,0.000540334795684345
"LAC",1,0.999924040138918
"LAL",1,0.999762182471055
"MIN",1,0.999145600140314
"MIN",1,0.999985307044003
"NYK",0,0.000167494523381317
"ORL",1,0.965197783176768
"IND",0,0.000627355930965081
"IND",0,0.000343626113453401
"PHX",0,0.000767230830547667
"PHX",0,0.369518598699187
"POR",0,4.39706804067225e-06
"SAC",1,0.973592525527882
"SAS",0,4.00256359649355e-05
"OKC",1,0.991018326541801
"UTA",0,5.72886319479623e-05
"MEM",0,9.12027591758421e-05
"WAS",0,0.000557034579377643
"WAS",0,0.000428618537873539
"HOU",1,0.99892969311387
"MIL",1,0.999841769407997
"PHI",0,1.91713037068442e-05
"TOR",0,4.79565186967735e-06
"DET",1,0.997402662933105
"CHA",0,5.24410961673403e-05
"ATL",1,0.988640982316436
"ATL",1,0.990516500121194
"BOS",1,0.99849154572298
"CLE",1,0.99943019831833
"NOP",0,8.80725503723174e-05
"DAL",0,0.000773092321835041
"DAL",0,0.000756514068838091
"DEN",1,0.998249069964635
"GSW",1,0.990781474948206
"LAL",1,0.999759918869215
"MIA",0,0.000828540224673002
"MIL",0,1.14133980339718e-05
"MIN",0,0.000520419942051553
"MIN",0,3.40363391573202e-05
"BKN",1,0.994331544252803
"ORL",0,0.0133706683252215
"POR",0,4.45938414984814e-06
"SAC",1,0.990623347757974
"SAS",1,0.998862288985148
"OKC",1,0.991835032727176
"UTA",0,5.78782202947038e-05
"WAS",0,0.000559865803716356
"WAS",0,0.00043181014633995
"CHA",0,5.27693838986082e-05
"CHI",0,0.000491408919582521
"CHI",0,0.000771071277828948
"NYK",1,0.99037235248487
"IND",0,2.33419233420848e-06
"IND",0,3.02625791319993e-06
"PHI",0,0.000519861030089059
"PHX",0,0.000771954600854693
"PHX",0,0.366574488754804
"TOR",1,0.999842783052606
"MEM",1,0.995162382279334
"DET",1,0.987676007374246
"ATL",0,0.000619232627650725
"ATL",0,0.000571446064871102
"BOS",1,0.999266474774326
"CLE",1,0.997996656493045
"NOP",0,0.000575818648353839
"CHI",0,0.000492587015449218
"CHI",0,0.000775823715325588
"DAL",1,0.986825920384662
"DAL",1,0.987376491295981
"DEN",1,0.998232688932589
"GSW",0,0.000537272091419999
"HOU",1,0.998912650160875
"LAC",1,0.999922036253918
"LAL",0,0.00053983679344376
"MIA",0,4.60404195915334e-05
"MIL",1,0.988194327364724
"MIN",0,8.85313180755049e-05
"MIN",0,2.35535616019265e-06
"BKN",1,0.994287803004027
"NYK",1,0.9974050142196
"ORL",1,0.963295712946034
"IND",1,0.988877189495788
"IND",1,0.991723806120182
"PHI",0,1.96242484378017e-05
"PHX",0,0.000504267975127151
"PHX",0,0.000178798941951497
"POR",0,4.55977889198367e-06
"SAC",1,0.990554907712145
"SAS",0,3.93625627489499e-05
"OKC",1,0.991764067093074
"TOR",0,0.000574074901864579
"UTA",1,0.996400678670982
"MEM",0,0.000496154267305212
"WAS",0,0.000564877494645675
"WAS",0,0.00043734169660848
"DET",1,0.987594788072256
"CHA",0,5.34809016549888e-05
"NOP",1,0.989795784406911
"DAL",1,0.986728477221519
"DAL",1,0.987324303968785
"GSW",1,0.990679634757849
"HOU",0,6.5821487805697e-05
"LAC",1,0.99047763898957
"MIA",0,4.6189574581584e-05
"MIN",1,0.999120579564043
"MIN",1,0.999984578255225
"SAC",0,0.000617717311139812
"OKC",0,0.000604285499512691
"UTA",0,0.000258323987128533
"LAL",0,3.16963682917301e-05
"CHA",1,0.998929437828393
"ATL",0,0.618684081526817
"ATL",0,0.38018032621247
"BOS",1,0.998463509024603
"CLE",1,0.997979064206409
"CHI",0,0.000679892989891951
"CHI",0,0.000527490544504582
"DEN",1,0.998209610320519
"LAC",0,0.000612919634612772
"LAL",1,0.9904830593765
"MIL",1,0.999838743412077
"BKN",0,0.000560662360185506
"NYK",1,0.997377879162778
"ORL",1,0.987892924340083
"IND",1,0.999960746196123
"IND",1,0.999960872696875
"PHI",0,0.000528292697132612
"PHX",0,0.00050927559204497
"PHX",0,0.00017946689527736
"POR",0,0.000805970693348496
"SAS",1,0.806408768811793
"MEM",0,0.000500894613324423
"CHA",0,5.40638136727766e-05
"CLE",1,0.999412910794621
"NOP",0,9.02033263688692e-05
"DAL",1,0.986607461325536
"DAL",1,0.987258994295501
"GSW",1,0.990617404019742
"HOU",1,0.998888209515345
"MIA",1,0.999332795104812
"MIL",1,0.988189551218599
"MIN",0,0.000534518270866542
"MIN",0,3.50055196312191e-05
"NYK",0,0.000622539727130704
"ORL",0,0.0125565945471362
"SAC",0,0.000805687668909512
"SAS",0,0.0535486463493271
"OKC",1,0.990833279278723
"TOR",0,0.000581454524580729
"UTA",0,0.000262082229116982
"MEM",1,0.995097922758274
"WAS",0,0.000571798570120441
"WAS",0,0.000444797229424937
"DET",1,0.987450979012833
"CHI",0,0.000500226286107622
"CHI",0,0.000804676596856964
"DEN",0,0.00020025388348765
"HOU",0,0.000556716898312245
"LAL",1,0.990420473095166
"BKN",1,0.999674411952978
"PHI",0,0.000532704483260099
"PHX",1,0.988171347767367
"PHX",1,0.999830867368141
"POR",1,0.988213256358525
"UTA",1,0.99638404673471
"CHA",0,5.46363089965863e-05
"ATL",0,0.61901755882699
"ATL",0,0.37633697997004
"BOS",1,0.999240336160496
"CLE",1,0.999406082739214
"NOP",1,0.989648409389016
"DAL",0,0.000697905860251667
"DAL",0,0.000655524621373723
"GSW",1,0.999688492791452
"LAC",0,0.000620752827989418
"MIA",0,4.66514381639491e-05
"MIL",1,0.999836587812856
"MIN",0,9.07362208787373e-05
"MIN",0,2.40618190178187e-06
"NYK",0,0.000627196335070704
"ORL",1,0.960558041273417
"IND",1,0.999960099272621
"IND",1,0.999959886016569
"PHX",0,0.000516554432837546
"PHX",0,0.000180563000176527
"SAS",0,3.87140434201234e-05
"OKC",1,0.990768076732047
"TOR",1,0.990269437787247
"MEM",0,0.000508525635071425
"WAS",0,0.000267515737395682
"WAS",0,0.000115781466154916
"DET",1,0.987347921104009
"ATL",1,0.915812288204443
"ATL",1,0.930296602378434
"CHI",1,0.988923094669705
"CHI",1,0.98943815895863
"DEN",1,0.990656345731557
"LAC",0,0.000624265466247154
"MIA",0,4.68269097321226e-05
"MIN",1,0.990183629799435
"MIN",1,0.999535048396036
"BKN",0,2.88040138784438e-05
"IND",0,2.50661527613097e-06
"IND",0,3.14784214854465e-06
"PHI",0,0.000538835317490988
"POR",1,0.999844719053398
"SAC",1,0.971902071908339
"OKC",0,0.000594082416616724
"UTA",0,0.000267911027427241
"WAS",1,0.989635212235852
"WAS",1,0.99437957717505
"DET",1,0.997230594768858
"CHA",0,5.55165808782668e-05
"BOS",1,0.998423569195434
"CLE",1,0.997937203551094
"NOP",1,0.989548525753398
"DAL",0,0.000705235274543805
"DAL",0,0.000662740476329857
"GSW",1,0.99968132791218
"HOU",1,0.998854736283644
"LAL",1,0.999743440063138
"MIL",0,0.0009314071799619
"ORL",0,0.0120220308666683
"PHX",0,0.000522292658180625
"PHX",0,0.000181504656087961
"SAS",0,3.85131222597449e-05
"TOR",0,0.000592738879462071
"MEM",1,0.999529506486905
"CHA",0,5.58340942568304e-05
"ATL",0,0.00064768890680005
"ATL",0,0.000593940380943701
"BOS",0,6.74452182237898e-05
"CHI",0,0.000508477436419507
"CHI",0,0.000833525760673972
"HOU",1,0.998848045021018
"LAC",1,0.990275601498896
"MIA",1,0.980758868180009
"BKN",0,0.000573637946950887
"NYK",1,0.997292787419099
"IND",1,0.999959348378394
"IND",1,0.999958766549753
"PHI",0,2.10375441185373e-05
"POR",1,0.999843723984873
"SAC",1,0.990260808159087
"SAS",0,3.84310332706458e-05
"OKC",1,0.990659710959126
"TOR",0,5.29748117503436e-06
"UTA",0,0.000272046779889427
"WAS",0,0.000585254782524247
"WAS",0,0.00045889130419655
"DET",1,0.997188471418362
"NOP",1,0.997968289528487
"DAL",1,0.98618996153371
"DAL",1,0.987030337160784
"DEN",0,0.000611388029049356
"GSW",1,0.990389605863051
"LAL",1,0.999739547615039
"MIL",1,0.999832856552452
"MIN",0,0.000554204764869311
"MIN",0,3.64265756270957e-05
"ORL",0,0.0117833018395227
"PHX",0,0.000806605119173893
"PHX",0,0.353971248344555
"CHA",0,5.65611207594002e-05
"ATL",0,0.619785725412519
"ATL",0,0.369716820604912
"BOS",0,3.23264376912799e-05
"CLE",1,0.99791092643191
"NOP",0,9.37157283824014e-05
"CHI",1,0.990877505280225
"CHI",1,0.988231313491531
"DEN",1,0.990514975565303
"LAC",0,0.000636951788974468
"LAL",1,0.999737624400803
"MIA",1,0.980392619205831
"MIN",0,0.00055742126576684
"MIN",0,3.66640954219333e-05
"BKN",0,0.000578880638699336
"NYK",1,0.989950858377621
"IND",0,0.000695369851158959
"IND",0,0.00036764104019116
"PHX",1,0.98734891924044
"PHX",1,0.983158658144272
"POR",1,0.999842474325578
"OKC",1,0.990581517660668
"TOR",0,5.40803397546942e-06
"UTA",1,0.996339954926776
"MEM",0,9.66181477209589e-05
"DET",0,0.00026542747231378
"DAL",0,0.000784515612413893
"DAL",0,0.000796731586065428
"GSW",0,0.000561358611793047
"HOU",0,6.87427326958421e-05
"MIL",1,0.988107835853264
"BKN",0,2.9748370643028e-05
"PHI",1,0.988786111516189
"SAC",1,0.990140043540153
"SAS",1,0.99863116055611
"MEM",0,9.69305519999344e-05
"WAS",1,0.995609021244544
"WAS",1,0.998424750746784
"DET",1,0.997129802771846
"CHA",0,0.000580800315003006
"BOS",1,0.999199313222162
"CLE",1,0.999376082055232
"NOP",1,0.99793955844699
"CHI",0,0.00071547225257173
"CHI",0,0.000560809647797892
"DEN",0,0.000620672826105383
"LAC",0,0.00064392523979104
"LAL",1,0.999733244275761
"MIA",0,0.000805563054197981
"MIN",1,0.989961403251855
"MIN",1,0.999517240539999
"NYK",1,0.989866250647519
"ORL",0,0.0114614157618499
"IND",1,0.999958199504645
"IND",1,0.999957087445365
"PHX",0,0.000820297666803727
"PHX",0,0.350656219077899
"POR",0,5.2333941416428e-06
"SAS",0,0.0474521638271878
"OKC",1,0.990500196646948
"TOR",1,0.999832017811885
"UTA",0,0.000280906312054278
"ATL",1,0.988343467058774
"ATL",1,0.989968343819479
"DAL",0,0.000788654987340079
"DAL",0,0.000805529058372923
"GSW",1,0.990223174415657
"HOU",0,0.000582173209431266
"MIA",1,0.979817284392261
"PHI",0,0.000559492712947578
"POR",1,0.999840736601452
"SAC",1,0.990046682503052
"OKC",1,0.991261613616238
"UTA",0,0.000282373116217183
"MEM",0,9.81004632915785e-05
"WAS",0,0.000278426550645114
"WAS",0,0.000122942575240231
"DET",1,0.986873578943423
"CHA",0,0.000586962765038684
"ATL",0,0.620553022584085
"ATL",0,0.36466042962367
"CLE",1,0.997867478711544
"NOP",0,9.61660146891001e-05
"CHI",0,0.000523281964904128
"CHI",0,0.00088223840972211
"GSW",1,0.990177409679811
"HOU",0,0.000585474966128487
"LAC",0,0.000652223541798424
"LAL",1,0.999728069638403
"MIL",1,0.988049718934134
"MIN",1,0.999037902126738
"MIN",1,0.999982087848478
"BKN",0,3.0462992781071e-05
"NYK",0,0.000181291966074321
"ORL",0,0.0112335545177145
"IND",1,0.999957495899207
"IND",1,0.999956072364266
"PHI",0,2.2377449586873e-05
"PHX",1,0.987228254690552
"PHX",1,0.982598327595738
"SAS",1,0.771906210396702
"TOR",1,0.999829725216771
"BOS",1,0.999177308210294
"CLE",1,0.999359821326699
"DAL",0,0.000734376413873862
"DAL",0,0.000691893236470041
"DEN",1,0.998051880587883
"LAC",1,0.999910207517825
"MIA",0,4.85987159762161e-05
"MIL",1,0.999826237159511
"MIN",1,0.989824079452454
"MIN",1,0.999506040430702
"POR",0,5.43420414198055e-06
"SAC",0,0.00065946871409445
"OKC",1,0.99037332120812
"UTA",0,6.68135744973363e-05
"MEM",0,9.94715769238909e-05
"WAS",1,0.9892550515789
"WAS",1,0.994208730924934
"DET",0,0.000793006192625794
"CHA",0,0.000594062814530933
"ATL",1,0.915090738944465
"ATL",1,0.924957331005545
"BOS",1,0.999169372377955
"NOP",0,0.000613395929837414
"CHI",1,0.988486034165474
"CHI",1,0.989164903158378
"GSW",1,0.990071746019363
"HOU",1,0.989809476778673
"LAL",1,0.999722543584594
"BKN",0,0.000596422818983104
"NYK",0,0.000662426459615421
"ORL",0,0.0110401646807105
"IND",0,0.000734812824470466
"IND",0,0.000382552343595143
"PHI",0,2.28611370821689e-05
"CLE",1,0.997832471493171
"DAL",0,0.000798432403973722
"DAL",0,0.000824669121307577
"DEN",1,0.998026284101008
"LAC",1,0.999908507554512
"MIA",0,0.000803845091339257
"MIN",1,0.989747012983249
"MIN",1,0.999499693998586
"NYK",0,0.000664985702373474
"PHX",0,0.000555052525517439
"PHX",0,0.000187640693432565
"POR",0,5.57168920441334e-06
"SAC",1,0.969677104862759
"SAS",0,3.80725498391822e-05
"OKC",1,0.991059117182789
"TOR",1,0.989741400514348
"UTA",0,6.81134788205669e-05
"MEM",1,0.994813383596432
"CHA",0,0.000600171351713755
"ATL",1,0.914952387104683
"ATL",1,0.9239526465529
"BOS",1,0.999155986481023
"NOP",0,9.89169594882769e-05
"CHI",1,0.988395569495468
"CHI",1,0.989108340167915
"GSW",1,0.999641898538816
"HOU",1,0.998748210449085
"LAL",0,0.000589565318341125
"MIA",0,0.000803881011798799
"MIL",0,1.39054738142422e-05
"BKN",0,3.143827541791e-05
"ORL",1,0.987524888838802
"IND",0,0.000747966858819634
"IND",0,0.000387605370817352
"TOR",0,0.000630795440661686
"WAS",1,0.995435399449893
"WAS",1,0.998371902946732
"DET",0,0.000807121188596243
"CHA",1,0.98912647349475
"CLE",1,0.997805564049046
"NOP",0,0.000621916130376249
"DAL",0,0.000804828412425896
"DAL",0,0.000836452718182761
"DEN",0,0.000647604274526954
"LAC",1,0.999906327496138
"MIL",0,1.40477882344052e-05
"MIN",1,0.998998858378964
"MIN",1,0.999980866222757
"PHI",1,0.988391406046429
"PHX",1,0.987608864363369
"PHX",1,0.999803444390688
"POR",0,0.000899689304369574
"SAC",0,0.000674501706049526
"SAS",0,3.80834959144681e-05
"OKC",1,0.990946611793698
"UTA",0,6.95597636103258e-05
"MEM",1,0.994758598902358
"DET",1,0.98642242859116
"ATL",1,0.914789601308006
"ATL",1,0.922777794520859
"BOS",1,0.999139788186047
"CHI",1,0.990279673889861
"CHI",1,0.988083397067993
"DAL",1,0.98637723075041
"DAL",1,0.98737229950965
"DEN",1,0.990055869328574
"GSW",1,0.999632603682977
"HOU",1,0.998722963197413
"LAL",0,0.00059762591154733
"MIA",0,0.000804398022001088
"BKN",1,0.993675087440281
"NYK",1,0.989439371817353
"ORL",0,0.00103594608854708
"IND",0,0.000764221654331584
"IND",0,0.000393890179539728
"PHI",0,2.39171699269621e-05
"PHX",0,0.000569627683170299
"PHX",0,0.000190618097977875
"POR",0,5.85751993908382e-06
"SAC",0,0.000835852004550964
"SAS",0,0.0428592284130024
"OKC",0,0.000633931580220813
"TOR",1,0.989555202894771
"UTA",0,7.06481327081245e-05
"MEM",1,0.999473225630072
"WAS",0,0.000292177740914732
"WAS",0,0.000131665091912931
"CHA",1,0.998805395790938
"CLE",1,0.999323129145813
"NOP",1,0.988784714716332
"LAC",0,0.000685069194408241
"MIL",0,0.00105681871348302
"BKN",0,3.235281896927e-05
"IND",1,0.999954857241453
"IND",1,0.999952315027101
"WAS",0,0.00029323873155626
"WAS",0,0.000132330511813808
"DET",1,0.99686480886317
"ATL",1,0.914618010746892
"ATL",1,0.921547705741004
"BOS",0,3.52218990406943e-05
"DAL",0,0.000766255868209586
"DAL",0,0.000724347455797629
"DEN",0,0.000220244927890652
"HOU",1,0.998698917941252
"LAC",1,0.989693391357446
"MIA",0,0.000805363518060078
"MIN",1,0.989480312865588
"MIN",1,0.999477410383513
"NYK",1,0.989319901407521
"PHI",0,2.44456979459376e-05
"PHX",0,0.000577859685239534
"PHX",0,0.000192341456816027
"POR",0,0.000923414277841024
"SAS",1,0.747793923564145
"OKC",1,0.990008093171438
"TOR",1,0.989455107936169
"UTA",0,7.20280325642205e-05
"MEM",1,0.999463958591394
"CHA",0,6.33351307934466e-05
"NOP",0,0.000636479196742015
"CHI",1,0.990064195418358
"CHI",1,0.988021183247354
"GSW",1,0.99961878543297
"LAL",0,0.000609485045887565
"MIL",1,0.999814867278461
"BKN",0,3.2894258452886e-05
"ORL",1,0.987368342855334
"SAC",0,0.000691400024773297
"WAS",1,0.995292987234662
"WAS",1,0.998326515751716
"DET",0,0.000282245704419667
"ATL",0,0.622960712498213
"ATL",0,0.353207428679898
"BOS",1,0.998236423437618
"CLE",1,0.997731617356845
"DAL",0,0.000775683566892322
"DAL",0,0.000734026352156235
"DEN",1,0.997908208546252
"HOU",1,0.998675028832285
"LAC",1,0.98959939464862
"LAL",0,0.000613284904219024
"MIA",0,0.000806758615906313
"MIN",1,0.998952053855781
"MIN",1,0.999979363167423
"ORL",0,0.00107958022854144
"IND",1,0.9884014879963
"IND",1,0.990929809236487
"PHI",0,0.000604538591155734
"PHX",1,0.986893194954586
"PHX",1,0.981110324306744
"SAC",0,0.000696857920320251
"SAS",0,0.0410176505021598
"TOR",1,0.999816753256678
"UTA",0,0.000313296506903931
"MEM",0,0.000106516589568985
"CHA",1,0.998773283123636
"BOS",1,0.998219075467674
"NOP",0,0.00010473451577193
"CHI",0,0.00078093355496518
"CHI",0,0.000624146644903821
"DEN",0,0.000225054374711697
"GSW",1,0.999608696559772
"HOU",1,0.998657983845835
"MIA",0,5.15756964311897e-05
"MIL",1,0.99981133001516
"BKN",0,0.000629281470985327
"NYK",0,0.000700594105134319
"IND",0,0.00080560580052198
"IND",0,0.000410045163426307
"SAS",1,0.738453590285127
"OKC",1,0.989837594069221
"MEM",1,0.999448271011404
"WAS",1,0.995219862814866
"WAS",1,0.998302696953559
"DET",0,0.000286302128549308
"ATL",0,0.000739532823047131
"ATL",0,0.000665898454616706
"CLE",0,2.46503818975428e-05
"DAL",0,0.000832770073796977
"DAL",0,0.000884640469075279
"LAC",1,0.999897779389778
"LAL",1,0.999692054437255
"MIL",0,1.54403942314518e-05
"MIN",1,0.998930399879515
"MIN",1,0.999978653635515
"BKN",1,0.993425504350253
"ORL",1,0.987259965673081
"PHI",1,0.999295558226815
"PHX",0,0.000597812045971652
"PHX",0,0.000196612503609017
"POR",1,0.987365484883606
"OKC",1,0.989770342225389
"TOR",0,6.57962947785042e-06
"UTA",0,7.5402151179795e-05
"CHA",0,6.5920229440677e-05
"NOP",0,0.000652022863000501
"CHI",1,0.987863493688149
"CHI",1,0.988776275653214
"DEN",1,0.989650248783579
"GSW",0,3.7141560499185e-05
"HOU",1,0.998629853746363
"LAL",1,0.999688298442236
"MIA",0,5.23234118078689e-05
"MIN",0,0.00010756274057282
"MIN",0,2.88793272639169e-06
"NYK",1,0.996894226028872
"IND",1,0.98829099936499
"IND",1,0.990771113322978
"PHI",0,2.60978292729611e-05
"PHX",1,0.986767000144357
"PHX",1,0.9805664632447
"POR",1,0.987307249976011
"SAC",1,0.966998444987179
"SAS",0,3.85030873846416e-05
"TOR",0,6.68766766514448e-06
"UTA",0,0.000323810998002662
"MEM",0,0.000596055025271721
"WAS",0,0.000307633013653517
"WAS",0,0.000141298294013125
"DET",1,0.985656472219425
"ATL",1,0.987849731574347
"ATL",1,0.989157322122915
"BOS",1,0.999061500228882
"CLE",0,7.78106514381404e-05
"GSW",1,0.999591238153211
"LAC",1,0.99989457089974
"MIL",0,0.00113708423069274
"BKN",0,3.47005301337727e-05
"CHA",0,0.000645801261865875
"CLE",0,7.80801804552254e-05
"NOP",1,0.997702090522227
"CHI",0,0.000804354208607488
"CHI",0,0.000647276896339564
"DAL",0,0.000804536480652036
"DAL",0,0.000763832268178754
"DEN",0,0.000697094450275524
"HOU",1,0.988991000776948
"LAL",1,0.999681257021328
"MIA",0,0.000812771904552961
"MIN",0,0.00010964413006445
"MIN",0,2.95258878885756e-06
"NYK",0,0.000720324637372473
"ORL",0,0.0100491355086416
"IND",1,0.99995107658184
"IND",1,0.999946989822978
"PHI",0,2.67793760016511e-05
"PHX",1,0.986686211023956
"PHX",1,0.980221555622773
"POR",1,0.987200603356332
"SAC",1,0.966446226657687
"SAS",1,0.724651918179111
"OKC",1,0.990296936779675
"UTA",1,0.996077564883156
"MEM",0,0.000606501646757976
"WAS",0,0.000312473037605791
"WAS",0,0.000144296710694381
"DET",1,0.985459586927121
"CHI",1,0.987648228318442
"CHI",1,0.98864233105099
"GSW",1,0.999580883525493
"LAL",0,3.85042976903803e-05
"MIL",1,0.987495107252764
"BKN",0,3.53872839351061e-05
"NYK",0,0.000726492691041808
"IND",1,0.999950474852063
"IND",1,0.999946144333383
"SAC",0,0.000869616154398261
"TOR",0,6.96360999446067e-06
"CHA",1,0.988298446798592
"BOS",1,0.998125209877734
"CLE",0,7.99856247189849e-05
"NOP",0,0.00011058855012576
"DAL",1,0.984205205248994
"DAL",1,0.98590835833427
"DEN",0,0.000708783351388015
"HOU",1,0.98883521747809
"LAC",1,0.999890670086377
"MIA",0,0.000816126577414996
"MIN",1,0.998875615308178
"MIN",1,0.999976818967986
"ORL",1,0.987073354308336
"PHI",0,2.74785307843081e-05
"PHX",1,0.986604456212472
"PHX",1,0.979874711165433
"POR",1,0.987091811910299
"SAS",1,0.718589861511063
"OKC",1,0.990164983030243
"UTA",0,0.000337070798753159
"MEM",0,0.000616870328788706
"WAS",0,0.000680118873967363
"WAS",0,0.000552946007241153
"DET",0,0.000889894144301085
"CHA",0,6.9698875207116e-05
"ATL",1,0.913705635763131
"ATL",1,0.915144767750758
"CHI",1,0.987506188202042
"CHI",1,0.988554094519288
"GSW",0,0.000645708289389205
"LAL",0,3.92935842971007e-05
"MIL",1,0.987396662252991
"BKN",0,3.61742612519338e-05
"NYK",1,0.996752163709552
"IND",1,0.999949334802634
"IND",1,0.999944542683589
"SAC",0,0.000878032337473882
"WAS",0,0.000319555247507292
"WAS",0,0.000148675449423162
"ATL",1,0.913635671546726
"ATL",1,0.91466310368369
"BOS",1,0.99808835141679
"CLE",1,0.99756511870173
"NOP",0,0.000112874580140494
"DEN",1,0.98924385379792
"HOU",0,8.12248372457348e-05
"LAC",0,1.67607832702836e-05
"MIA",1,0.975019447678647
"PHI",0,2.81939868678205e-05
"POR",0,0.00101713165002172
"SAS",1,0.998052523758509
"OKC",1,0.989319533810078
"TOR",0,0.000705898609588624
"UTA",0,0.00034374728960445
"DET",1,0.996464336098531
"CHA",0,7.10068257427791e-05
"BOS",1,0.998074013237121
"NOP",1,0.987876795082238
"CHI",1,0.987385679878433
"CHI",1,0.988479327320173
"DAL",1,0.985286303889252
"DAL",1,0.986695345424998
"DEN",0,0.000241955222613509
"LAL",0,0.000662846157014885
"MIL",0,0.0012088643707127
"MIN",0,0.000684280291169073
"MIN",0,4.66944404744755e-05
"BKN",0,0.000670695251307145
"ORL",1,0.941484644876509
"IND",1,0.999948224093876
"IND",1,0.999942981997787
"PHI",0,2.86841358490864e-05
"PHX",1,0.986466051181183
"PHX",1,0.97929176853196
"SAC",0,0.000887010355383956
"TOR",1,0.999798854163605
"WAS",0,0.000696417289724039
"WAS",0,0.000568749747808988
"ATL",0,0.000805055723623479
"ATL",0,0.000716648817881451
"CLE",1,0.997523441593585
"DAL",0,0.000843678092050532
"DAL",0,0.000804638168292893
"GSW",0,0.000661545527909608
"HOU",1,0.99850221737167
"MIA",1,0.974445759797692
"NYK",1,0.996665944526781
"ORL",1,0.986909261297798
"POR",0,0.0010378749004669
"SAC",0,0.000890711827342776
"SAS",0,3.9409543468922e-05
"OKC",1,0.989163615812139
"UTA",0,0.000351750103395932
"MEM",1,0.994197463867014
"DET",1,0.996381371223751
"CHA",0,0.000682677976191037
"BOS",1,0.998034358018928
"DEN",1,0.997653661907662
"LAC",1,0.988877574963818
"LAL",1,0.988670839960377
"MIL",0,0.00123525443404959
"BKN",0,0.000680150056520076
"NYK",0,0.000213933439396493
"IND",0,3.89700533075562e-06
"IND",0,4.28931131023284e-06
"PHI",0,0.000668132390469602
"PHX",0,0.0010066813591347
"PHX",0,0.326916947505685
"TOR",1,0.999795208106595
"WAS",1,0.994819914753016
"WAS",1,0.998168122131747
"ATL",0,0.0008195117338428
"ATL",0,0.000727784724659378
"CLE",1,0.999201747575733
"CHI",1,0.988948787663573
"CHI",1,0.987656570479434
"DAL",1,0.985015311403138
"DAL",1,0.986524851142926
"HOU",1,0.988349891751639
"LAL",0,0.000679954290826653
"MIA",1,0.973899654349919
"ORL",0,0.00965182234210102
"IND",1,0.987884523817422
"IND",1,0.990205302275104
"POR",0,7.69430458533924e-06
"SAC",1,0.964106163629673
"SAS",0,3.97155867850108e-05
"OKC",1,0.989718232325254
"UTA",0,0.000359476659239572
"MEM",0,0.000652374499910601
"WAS",0,0.000713532667770792
"WAS",0,0.00058530045391978
"CLE",0,8.68148828226768e-05
"NOP",0,0.000703278858145882
"DEN",1,0.997604932349249
"GSW",1,0.988670341287096
"LAC",1,0.988736568148922
"MIL",0,1.84385597480669e-05
"MIN",1,0.99879064852424
"MIN",1,0.999973863120608
"BKN",0,0.000691508786088228
"NYK",1,0.988135335809403
"PHX",0,0.000668068432217892
"PHX",0,0.000212287847248264
"TOR",1,0.988406939249661
"UTA",0,8.72109215465723e-05
"DET",1,0.996267481876061
"CHA",0,7.52355647961997e-05
"BOS",1,0.99797960619195
"CHI",0,0.000624720710041212
"CHI",0,0.00118854953554868
"DAL",1,0.984838094249074
"DAL",1,0.986413034782301
"LAL",1,0.988435354856265
"MIA",1,0.999030757068547
"BKN",1,0.999562953868372
"ORL",1,0.937822555376975
"IND",0,0.000948294142887031
"IND",0,0.000466630492890585
"PHI",0,0.0006861625152045
"SAC",0,0.000776732439866409
"SAS",0,0.0351624508496682
"OKC",1,0.98956274199841
"MEM",0,0.000122811748943632
"WAS",0,0.000724898793675238
"WAS",0,0.000596271656380993
"ATL",1,0.987354017917446
"ATL",1,0.988373946829663
"CLE",1,0.999173027353465
"NOP",1,0.987357338306027
"GSW",1,0.988518045486546
"HOU",1,0.988095150599436
"LAC",0,0.000805689215369017
"MIL",0,1.902714056891e-05
"MIN",1,0.998764227557957
"MIN",1,0.999972917071165
"NYK",1,0.996505846891126
"PHI",0,0.000692438210196398
"PHX",0,0.00105112898910533
"PHX",0,0.323624379060879
"POR",0,8.12723359895627e-06
"SAS",0,0.0348094708428029
"TOR",1,0.999786371359446
"DET",0,0.000957240919371968
"CHA",0,7.70921828838663e-05
"BOS",1,0.997938347597274
"CHI",0,0.00089029439327252
"CHI",0,0.000733853152275258
"DAL",0,0.000919519236253038
"DAL",0,0.00102264103004841
"HOU",0,0.000718335358730101
"LAC",1,0.988521519628696
"LAL",1,0.999628604238397
"MIA",1,0.999003740616678
"BKN",1,0.999552471423886
"ORL",0,0.00949980559351295
"IND",1,0.999943661676078
"IND",1,0.999936559543775
"SAC",0,0.000789833026054626
"OKC",1,0.989391696211215
"UTA",0,9.07403908721395e-05
"MEM",0,0.000125629351221897
"WAS",0,0.000738161800580999
"WAS",0,0.000609057879874259
"CHA",1,0.987379539675221
"ATL",0,0.629096755389521
"ATL",0,0.335405471621298
"CHI",1,0.988477334282741
"CHI",1,0.987488844340394
"DEN",0,0.000260357031413609
"GSW",1,0.988336842195092
"MIL",1,0.999773933796438
"MIN",1,0.988150201523966
"MIN",1,0.999359487718237
"NYK",1,0.996432765098269
"ORL",1,0.986596630927003
"PHI",0,3.21747917059514e-05
"PHX",0,0.000696887228975828
"PHX",0,0.000218880130520083
"POR",1,0.999803056993232
"SAS",0,0.0341447939552118
"TOR",0,8.39825967069803e-06
"MEM",0,0.000127254615055484
"ATL",0,0.000873430098267471
"ATL",0,0.000769137684308426
"BOS",0,4.37057140781086e-05
"CLE",1,0.999140347024566
"NOP",0,0.00012513617412974
"DAL",1,0.982783203222393
"DAL",1,0.985091188953367
"DEN",0,0.000263305777907249
"HOU",1,0.99835272804037
"LAC",1,0.999869685498091
"MIA",1,0.998974586453926
"NYK",0,0.000805698234577337
"IND",1,0.999942077857249
"IND",1,0.999934323341731
"SAC",0,0.000803879287991171
"SAS",1,0.99768325806003
"OKC",1,0.989198835973328
"UTA",0,9.34718684066767e-05
"WAS",1,0.987349289669183
"WAS",1,0.993252986697982
"DET",0,0.00098599788351804
"CHA",0,8.03079890586534e-05
"GSW",1,0.988171864695654
"LAL",0,4.48143886524245e-05
"MIA",0,0.000848681516830181
"MIL",1,0.986697284193609
"MIN",1,0.987985979356346
"MIN",1,0.999344186757458
"BKN",0,0.000727002255432117
"ORL",1,0.986498308690691
"PHI",0,0.000720469784989348
"POR",1,0.999799304783177
"TOR",0,0.000777934343266092
"MEM",1,0.993791014173848
"WAS",0,0.000758445269984965
"WAS",0,0.000628586278304974
"BOS",1,0.998859559370256
"CLE",1,0.997294881795921
"NOP",0,0.000127746391523158
"CHI",1,0.988177906512987
"CHI",1,0.987379650639749
"DAL",0,0.000917694598318556
"DAL",0,0.000882724225767865
"DEN",0,0.000803445855906287
"GSW",1,0.999479957157327
"HOU",1,0.998310529700591
"LAC",1,0.999865522650407
"LAL",1,0.999605950085005
"IND",1,0.999940532543037
"IND",1,0.999932137443006
"PHX",0,0.000720288233685867
"PHX",0,0.000224273392392217
"POR",0,8.95501182461121e-06
"SAC",1,0.987650005278752
"SAS",0,0.0332275571175942
"OKC",0,0.000807289934324527
"TOR",0,0.000787652777657199
"UTA",0,9.63499699113401e-05
"DET",1,0.983561696899529
"CHA",0,0.000745225293681672
"ATL",0,0.630774615409363
"ATL",0,0.331872356605927
"DAL",0,0.000927240215427812
"DAL",0,0.00089286972917529
"LAC",1,0.999863416329578
"MIA",0,0.00085647580609468
"MIL",1,0.986537556338405
"MIN",1,0.987796419349479
"MIN",1,0.999326329156982
"NYK",1,0.987362187827368
"PHI",0,0.000736263276971527
"MEM",1,0.993684009605551
"DET",0,0.000338107546669257
"ATL",1,0.912224941391514
"ATL",1,0.905226691997517
"BOS",1,0.998827424524148
"CLE",0,3.1765837353495e-05
"NOP",0,0.000755824084387727
"CHI",1,0.986286920634982
"CHI",1,0.987801708167858
"DEN",0,0.000274232044961802
"GSW",0,4.4946831175689e-05
"HOU",1,0.987379549997837
"LAL",1,0.987682906741896
"MIL",1,0.986464518318598
"BKN",0,0.000747161965449513
"NYK",1,0.996234718947083
"IND",1,0.987347835550637
"IND",1,0.989478155634377
"PHX",0,0.000737594306732586
"PHX",0,0.00022827970309376
"POR",1,0.985987744897006
"SAC",1,0.987429277978309
"SAS",0,4.1903348576164e-05
"OKC",0,0.000772188122296211
"TOR",1,0.999767509703799
"UTA",0,9.93045441259721e-05
"WAS",0,0.000368578967952951
"WAS",0,0.000178937495808679
"CHA",0,0.000760526791942952
"MIA",1,0.970372237546027
"PHI",0,3.52856283015436e-05
"SAC",1,0.98737114531689
"DET",0,0.000343653630988106
"ATL",0,0.000930825345109882
"ATL",0,0.000812860201084848
"BOS",1,0.997758024057071
"CLE",1,0.999075031224916
"NOP",0,0.000133496443854367
"CHI",0,0.000959948202194427
"CHI",0,0.00080573354449072
"GSW",1,0.987724231659331
"LAC",1,0.999857526672036
"LAL",0,0.000758943411260493
"MIL",1,0.999753233341823
"MIN",0,0.000806926309345224
"MIN",0,5.71816895482649e-05
"BKN",1,0.992189519493826
"NYK",0,0.000243476704414273
"ORL",1,0.92947394255817
"IND",1,0.999937185197073
"IND",1,0.999927387623913
"PHX",0,0.00117437105105626
"PHX",0,0.316461877327506
"SAS",0,4.2357271531623e-05
"OKC",1,0.988629213258803
"MEM",1,0.993520322266599
"WAS",0,0.000374862043456514
"WAS",0,0.00018282656900805
"CHA",0,0.000772483452468605
"BOS",0,0.000102702307002888
"CHI",1,0.987640612710383
"CHI",1,0.987179745343751
"DAL",0,0.000994893680099691
"DAL",0,0.00113850437939873
"DEN",1,0.987791796358286
"GSW",0,4.65746601690869e-05
"HOU",0,0.000786022823309304
"LAC",1,0.999854163259543
"LAL",1,0.987373819154295
"MIA",0,6.44565202028865e-05
"ORL",1,0.928431439477139
"PHI",1,0.999138553145677
"PHX",0,0.00119207521663684
"PHX",0,0.315607708503755
"POR",0,9.89539621127571e-06
"SAC",0,0.000977439399867627
"SAS",1,0.997369258053265
"OKC",1,0.987848528092058
"TOR",1,0.987363474380266
"UTA",1,0.995549326316477
"WAS",0,0.000806156000863281
"WAS",0,0.000674443070456799
"CHA",0,8.83648726921034e-05
"ATL",1,0.986738696933211
"ATL",1,0.987414855845105
"CLE",0,0.00010371413169948
"NOP",0,0.000137840800743306
"MIL",1,0.999745062098129
"MIN",1,0.987340845412175
"MIN",1,0.999282563253646
"BKN",0,0.000776236444412089
"NYK",0,0.000868722015396915
"IND",1,0.999935010977632
"IND",1,0.99992429099657
"MEM",0,0.000141971905073092
"DET",1,0.995633496344489
"ATL",1,0.986696349476356
"ATL",1,0.987349074622013
"BOS",1,0.998742989268118
"CLE",1,0.997088972801424
"NOP",0,0.000790323583825606
"CHI",1,0.987385736894693
"CHI",1,0.987083480284446
"DAL",1,0.981510612008081
"DAL",1,0.984357339962859
"DEN",1,0.997183222626077
"GSW",1,0.987364948268657
"HOU",0,0.000804515656945324
"LAC",1,0.987567585356644
"LAL",1,0.999561208870012
"MIA",1,0.998831655779597
"MIL",1,0.986034675958977
"MIN",1,0.998563230111301
"MIN",1,0.999965315052507
"BKN",0,4.67589309564871e-05
"NYK",0,0.000253691578931933
"ORL",1,0.986036035286627
"IND",0,5.49609408394242e-06
"IND",0,5.60660528988755e-06
"PHI",0,0.000788291322645786
"PHX",1,0.98546728782901
"PHX",1,0.975176665363558
"POR",0,0.00125676537783628
"SAC",0,0.000995955877138355
"SAS",0,4.35075956154509e-05
"OKC",1,0.987579927599707
"TOR",0,1.0171807888579e-05
"UTA",0,0.000436218295296478
"MEM",0,0.000775808498857622
"WAS",0,0.000391138801883763
"WAS",0,0.000192922883061623
"DET",0,0.000363021971526608
"CHA",0,9.1806915774078e-05
"ATL",1,0.911404131156534
"ATL",1,0.899972278283132
"BOS",1,0.998706851934274
"CLE",0,3.52510108378058e-05
"NOP",0,0.000804963378612244
"CHI",1,0.985570468866454
"CHI",1,0.987363777721428
"DAL",0,0.00100187690302183
"DAL",0,0.00097270558292194
"DEN",1,0.987345140276681
"GSW",0,4.91403308590216e-05
"HOU",0,0.000103236948463724
"LAC",1,0.987377675891322
"LAL",0,0.000804871676434231
"MIA",0,0.000891656209948987
"MIL",1,0.999732840609148
"MIN",1,0.998525664117352
"MIN",1,0.999963816909822
"BKN",0,0.000801498598207623
"NYK",1,0.986430373798753
"ORL",0,0.00159962660790871
"IND",1,0.986868582561522
"IND",1,0.98883592507818
"PHI",0,0.000805833924359429
"PHX",0,0.000806603933917953
"PHX",0,0.000244357781434649
"POR",1,0.985336617759106
"SAC",1,0.957474804258926
"SAS",1,0.639274261397437
"OKC",1,0.987363405591133
"TOR",0,1.05656136580394e-05
"UTA",0,0.000111144221976589
"MEM",1,0.999197175881776
"WAS",1,0.993867034464038
"WAS",1,0.997830081292939
"DET",0,0.00110950049012058
"CHA",0,9.45053897327128e-05
